customer_id,age,gender,tenure_months,contract_type,monthly_charges,total_charges,payment_method,internet_service,support_tickets,complaints,late_payments,avg_monthly_usage,last_login_days,customer_satisfaction,churn
C00001,39,Male,7,One year,112.31,903.82,Electronic,None,1,0,1,171.28,19,5,1
C00002,25,Male,56,Two year,93.75,5251.75,Cash,Fiber,2,1,0,51.25,16,5,1
C00003,30,Female,48,Month-to-month,74.51,4072.97,Cash,Fiber,2,0,1,129.02,15,6,0
C00004,56,Female,32,Month-to-month,65.67,2081.79,Card,Fiber,2,0,2,229.24,13,7,1
C00005,55,Female,32,One year,108.3,3688.46,Electronic,DSL,1,2,1,259.89,16,10,0
C00006,69,Male,62,Month-to-month,93.7,5049.14,Card,DSL,1,0,2,40.97,12,5,0
C00007,41,Female,7,One year,86.0,592.09,Electronic,DSL,0,3,1,91.25,1,5,1
C00008,69,Other,51,Month-to-month,164.15,7795.89,Bank Transfer,None,0,1,2,101.25,31,5,1
C00009,33,Male,15,Month-to-month,107.12,1748.1,Electronic,DSL,1,1,0,254.03,26,7,1
C00010,47,Female,7,One year,154.45,1091.68,Electronic,DSL,2,3,1,126.24,46,8,1
C00011,56,Female,38,Month-to-month,91.34,3616.56,Electronic,None,0,3,0,189.11,24,6,1
C00012,34,Female,71,Month-to-month,118.57,7796.54,Bank Transfer,DSL,0,0,0,146.48,12,7,1
C00013,39,Male,53,One year,108.06,5068.76,Card,Fiber,3,0,0,64.04,9,10,1
C00014,66,Female,55,One year,50.58,2932.78,Card,Fiber,0,3,1,27.71,19,7,0
C00015,51,Female,52,Two year,159.99,8175.49,Electronic,Fiber,0,0,1,96.28,26,8,1
C00016,53,Female,57,Month-to-month,105.27,5851.01,Electronic,Fiber,1,0,0,257.43,14,10,0
C00017,54,Female,37,Month-to-month,136.12,5737.62,Electronic,Fiber,3,1,0,144.17,0,6,1
C00018,63,Female,10,Two year,83.68,740.96,Card,DSL,0,2,1,187.99,7,6,1
C00019,74,Female,61,Month-to-month,104.23,6632.41,Electronic,Fiber,1,0,0,52.0,18,6,1
C00020,41,Female,33,Month-to-month,79.66,2281.98,Card,Fiber,2,1,0,112.11,29,6,0
C00021,38,Female,37,Month-to-month,153.26,5985.2,Electronic,Fiber,3,0,0,172.84,0,4,1
C00022,70,Female,27,Month-to-month,120.9,3322.69,Cash,DSL,1,0,0,69.99,22,7,0
C00023,45,Female,14,Two year,122.85,1836.93,Electronic,Fiber,1,0,0,126.48,21,7,1
C00024,71,Female,67,One year,157.54,11349.17,Electronic,Fiber,3,2,1,81.61,11,7,1
C00025,69,Female,57,One year,150.47,7630.12,Electronic,DSL,3,1,0,175.45,9,7,0
C00026,60,Male,47,Month-to-month,136.79,5994.44,Electronic,DSL,0,2,2,151.92,7,7,1
C00027,59,Female,29,Month-to-month,60.24,1617.18,Electronic,Fiber,1,0,2,167.59,20,5,1
C00028,72,Female,60,Month-to-month,85.65,5305.62,Bank Transfer,DSL,2,0,0,177.91,35,8,0
C00029,33,Female,40,Month-to-month,74.86,2777.47,Bank Transfer,Fiber,4,1,3,117.48,36,8,0
C00030,44,Male,32,Month-to-month,135.46,4355.49,Electronic,DSL,1,1,1,185.18,1,4,0
C00031,49,Female,33,Month-to-month,115.97,3760.66,Bank Transfer,DSL,1,0,2,97.56,15,10,0
C00032,29,Male,17,Month-to-month,61.33,1069.44,Electronic,Fiber,2,1,0,164.41,0,5,0
C00033,48,Female,7,One year,103.39,691.48,Bank Transfer,Fiber,1,1,2,21.6,20,5,1
C00034,56,Female,40,One year,57.71,2602.51,Electronic,Fiber,4,0,1,88.95,27,7,0
C00035,47,Female,64,Month-to-month,108.14,7886.42,Electronic,Fiber,2,0,0,257.37,42,8,0
C00036,55,Female,5,Month-to-month,52.06,248.66,Bank Transfer,Fiber,1,0,0,163.6,0,8,0
C00037,23,Male,62,One year,128.51,8957.74,Electronic,Fiber,1,0,1,163.62,2,8,0
C00038,46,Female,60,One year,123.23,8043.7,Electronic,Fiber,1,2,1,84.69,20,6,0
C00039,71,Female,20,One year,176.78,3245.06,Bank Transfer,DSL,1,1,2,69.82,0,7,1
C00040,33,Female,46,Month-to-month,139.68,6546.14,Card,DSL,1,0,0,115.46,21,6,1
C00041,44,Male,12,One year,95.2,1100.44,Bank Transfer,None,1,2,0,126.31,27,7,1
C00042,54,Female,55,Month-to-month,138.63,8313.16,Card,Fiber,1,0,0,235.3,0,7,1
C00043,54,Female,51,Month-to-month,61.08,3483.3,Electronic,Fiber,2,1,2,186.04,20,6,1
C00044,28,Female,26,Month-to-month,76.31,2057.02,Card,Fiber,2,3,1,135.99,0,6,1
C00045,24,Female,5,Month-to-month,121.66,632.05,Bank Transfer,Fiber,1,0,0,133.61,39,4,1
C00046,61,Female,70,Month-to-month,34.46,2572.41,Electronic,Fiber,2,1,0,171.7,21,8,0
C00047,48,Female,33,Month-to-month,108.7,3581.78,Electronic,Fiber,4,1,0,57.47,8,8,0
C00048,70,Male,65,One year,74.29,4786.4,Card,DSL,2,1,1,24.33,0,3,1
C00049,75,Female,49,Month-to-month,113.55,5669.24,Bank Transfer,Fiber,1,1,1,170.89,24,8,1
C00050,27,Female,57,Month-to-month,72.28,4513.4,Electronic,Fiber,1,0,1,133.96,38,7,1
C00051,38,Female,55,Month-to-month,124.85,7170.39,Bank Transfer,DSL,3,1,1,57.83,6,5,0
C00052,65,Male,15,Month-to-month,110.68,1482.83,Electronic,Fiber,1,5,0,14.78,11,5,1
C00053,35,Male,27,Month-to-month,159.01,3830.19,Electronic,None,1,1,0,179.16,7,6,1
C00054,29,Female,34,Month-to-month,110.24,3653.45,Bank Transfer,DSL,1,1,1,101.31,41,5,1
C00055,27,Male,36,Month-to-month,83.1,3134.29,Electronic,Fiber,0,1,0,152.01,0,6,0
C00056,47,Male,4,One year,101.36,392.19,Electronic,Fiber,1,0,1,115.49,37,10,1
C00057,40,Female,40,Two year,62.95,2428.74,Card,None,2,0,1,128.12,12,8,0
C00058,71,Male,12,Month-to-month,124.21,1667.41,Electronic,DSL,4,0,0,97.43,17,10,1
C00059,73,Male,54,One year,130.64,7834.14,Bank Transfer,None,2,0,2,125.79,13,7,1
C00060,22,Male,50,Two year,196.42,9749.39,Cash,Fiber,1,0,0,161.74,22,8,1
C00061,70,Male,67,Two year,88.24,6298.93,Card,DSL,0,0,1,114.83,7,5,0
C00062,23,Male,54,One year,100.63,5355.78,Bank Transfer,Fiber,3,1,1,111.69,34,7,0
C00063,59,Male,27,Two year,89.85,2500.97,Cash,Fiber,1,1,0,163.41,34,7,1
C00064,73,Male,70,Two year,117.42,7663.65,Bank Transfer,Fiber,3,1,2,167.08,3,8,0
C00065,38,Female,30,One year,123.36,3698.04,Bank Transfer,DSL,1,1,1,67.44,28,7,1
C00066,27,Male,24,Month-to-month,108.13,2706.14,Electronic,DSL,2,1,2,128.41,13,8,1
C00067,21,Female,66,Month-to-month,148.02,9598.78,Bank Transfer,DSL,2,1,0,101.19,19,8,1
C00068,37,Other,27,Month-to-month,88.41,2572.7,Electronic,Fiber,1,0,1,130.75,41,6,1
C00069,73,Other,6,Month-to-month,144.52,806.57,Electronic,None,3,0,3,208.87,8,6,1
C00070,44,Male,34,Month-to-month,128.85,3740.61,Card,Fiber,0,1,2,149.74,32,6,0
C00071,42,Male,58,Month-to-month,109.58,7145.42,Electronic,None,0,1,0,249.03,25,9,0
C00072,18,Female,14,One year,98.98,1327.91,Electronic,DSL,1,0,0,142.08,15,6,0
C00073,56,Male,34,One year,194.93,6134.81,Card,Fiber,0,0,0,120.84,24,8,1
C00074,28,Female,10,Two year,81.4,808.2,Electronic,DSL,2,0,2,128.92,22,7,1
C00075,57,Female,50,Month-to-month,120.43,5568.64,Bank Transfer,DSL,1,1,1,137.84,1,9,1
C00076,66,Male,35,Month-to-month,83.74,3136.07,Cash,Fiber,3,1,0,147.76,9,3,1
C00077,62,Male,24,One year,172.5,3899.97,Bank Transfer,Fiber,2,0,0,75.44,2,8,0
C00078,48,Female,17,Two year,141.04,2751.33,Electronic,None,2,1,1,117.18,14,5,1
C00079,55,Female,41,Two year,86.26,3299.15,Card,None,3,0,2,90.16,38,8,0
C00080,40,Female,49,Two year,127.94,6009.32,Electronic,DSL,1,1,1,186.63,27,7,1
C00081,59,Female,68,Two year,119.02,8186.51,Card,Fiber,0,0,0,24.09,0,4,0
C00082,57,Female,32,Month-to-month,91.92,2503.11,Electronic,Fiber,2,0,1,138.63,14,8,0
C00083,28,Male,12,Month-to-month,136.54,1394.7,Card,Fiber,2,1,0,46.5,22,7,1
C00084,36,Female,60,Month-to-month,123.63,6825.12,Electronic,DSL,2,1,0,153.77,29,7,1
C00085,62,Male,46,One year,117.55,4728.66,Cash,Fiber,1,0,0,108.06,8,7,0
C00086,43,Female,51,Two year,108.53,5967.03,Electronic,Fiber,3,0,1,30.08,0,7,0
C00087,31,Male,8,Month-to-month,125.09,1112.32,Electronic,DSL,3,1,2,181.82,17,9,1
C00088,75,Female,23,One year,118.03,2644.0,Electronic,None,1,1,0,10.0,27,6,1
C00089,68,Female,56,Month-to-month,112.07,6306.92,Card,Fiber,0,0,1,128.27,22,9,0
C00090,62,Male,60,Month-to-month,87.56,5431.57,Cash,Fiber,1,0,0,168.02,5,7,0
C00091,42,Female,32,Month-to-month,169.28,4758.66,Electronic,DSL,2,1,1,205.72,44,9,1
C00092,50,Female,58,Month-to-month,73.24,4209.18,Electronic,Fiber,4,3,1,41.44,17,7,0
C00093,72,Female,61,Two year,124.97,8673.55,Electronic,Fiber,0,1,1,101.62,21,6,0
C00094,48,Male,28,Month-to-month,98.79,2523.75,Card,Fiber,1,0,1,189.6,8,5,1
C00095,65,Female,65,Two year,171.58,9761.28,Card,Fiber,2,2,0,193.32,35,7,1
C00096,66,Female,21,One year,78.38,1537.59,Bank Transfer,DSL,1,2,2,200.44,27,6,1
C00097,64,Male,18,Month-to-month,84.27,1538.59,Bank Transfer,Fiber,3,1,0,270.89,23,10,0
C00098,52,Female,50,Month-to-month,76.06,4223.21,Electronic,DSL,4,0,1,102.02,1,5,0
C00099,38,Male,46,One year,121.32,5337.69,Cash,Fiber,3,0,2,150.48,34,6,0
C00100,37,Female,11,Month-to-month,61.94,649.65,Bank Transfer,DSL,1,1,0,110.98,29,8,1
C00101,65,Other,60,Two year,93.25,5331.67,Card,DSL,2,1,2,21.37,33,9,0
C00102,42,Male,15,Month-to-month,34.67,573.19,Electronic,DSL,2,0,1,125.05,19,8,1
C00103,32,Male,58,One year,118.41,6804.82,Bank Transfer,Fiber,2,1,0,20.31,17,9,0
C00104,28,Male,1,One year,92.49,87.81,Card,DSL,1,1,1,101.35,15,7,0
C00105,53,Female,58,Month-to-month,57.92,3033.68,Electronic,None,1,2,0,49.25,52,7,1
C00106,73,Male,57,Month-to-month,148.0,7488.29,Electronic,Fiber,0,0,1,154.14,10,10,0
C00107,39,Female,57,Two year,64.23,4181.98,Card,Fiber,6,0,0,87.18,0,10,0
C00108,55,Female,48,Month-to-month,137.89,6591.91,Card,Fiber,2,2,1,31.81,12,8,0
C00109,35,Male,34,Month-to-month,85.46,2532.84,Electronic,None,1,0,1,177.61,10,9,0
C00110,41,Female,51,Month-to-month,166.05,9501.22,Cash,Fiber,3,1,0,96.79,37,9,1
C00111,41,Male,20,Month-to-month,136.23,3095.85,Electronic,Fiber,0,2,1,106.23,0,5,1
C00112,38,Male,57,One year,74.72,3923.14,Electronic,None,2,1,3,76.22,10,7,0
C00113,67,Female,41,One year,77.9,3017.75,Electronic,Fiber,4,0,0,193.2,21,10,0
C00114,70,Male,34,Month-to-month,131.19,5076.79,Card,Fiber,3,3,1,144.88,37,8,1
C00115,33,Male,37,Two year,100.82,3188.33,Electronic,DSL,2,0,2,96.28,29,7,0
C00116,38,Female,41,Month-to-month,104.07,4042.1,Bank Transfer,Fiber,4,1,0,24.73,42,10,1
C00117,19,Female,3,Month-to-month,154.53,453.86,Electronic,Fiber,1,0,1,268.08,23,8,1
C00118,61,Female,11,One year,83.8,996.52,Electronic,Fiber,2,0,0,238.87,15,8,1
C00119,59,Male,18,Two year,113.2,1956.68,Electronic,DSL,3,1,2,209.37,31,8,1
C00120,66,Female,9,Month-to-month,143.41,1228.14,Electronic,DSL,3,0,0,91.33,0,8,1
C00121,50,Male,32,Month-to-month,138.32,4730.82,Electronic,Fiber,2,1,3,102.45,0,8,1
C00122,70,Male,49,Month-to-month,104.41,5652.41,Electronic,DSL,3,0,3,152.04,33,9,1
C00123,26,Male,48,One year,99.89,4209.6,Card,None,3,0,0,80.84,21,10,0
C00124,39,Female,34,Month-to-month,49.14,1491.6,Card,Fiber,2,1,1,75.58,32,6,1
C00125,43,Female,62,Month-to-month,73.03,4744.98,Cash,None,4,0,0,210.22,5,8,1
C00126,62,Male,41,One year,121.14,4690.2,Bank Transfer,None,1,0,1,126.97,37,9,1
C00127,30,Male,6,Month-to-month,105.17,662.93,Electronic,Fiber,1,2,2,68.41,28,7,1
C00128,36,Female,56,Month-to-month,112.62,5689.93,Card,DSL,2,1,0,182.4,18,5,0
C00129,23,Male,42,Month-to-month,146.37,6708.42,Electronic,DSL,2,0,1,98.44,21,5,0
C00130,72,Male,46,Month-to-month,68.44,2979.74,Card,DSL,2,1,1,21.14,23,5,1
C00131,44,Female,41,Month-to-month,101.73,3964.81,Electronic,DSL,2,0,0,67.59,5,6,1
C00132,18,Female,40,Two year,116.6,4214.85,Cash,Fiber,2,1,1,101.59,12,6,0
C00133,31,Male,7,One year,85.35,545.74,Card,None,2,1,1,142.1,23,9,1
C00134,51,Female,41,One year,160.1,6757.94,Bank Transfer,Fiber,4,1,0,139.45,12,7,1
C00135,46,Male,58,Two year,141.8,8425.78,Card,DSL,3,1,1,197.53,0,9,0
C00136,47,Female,22,Month-to-month,120.15,2900.66,Electronic,None,1,0,1,116.96,22,5,1
C00137,21,Female,44,Month-to-month,172.8,7900.28,Electronic,Fiber,4,0,2,104.39,31,6,1
C00138,68,Male,3,Two year,57.54,168.88,Electronic,DSL,2,1,0,198.48,34,7,1
C00139,66,Female,26,Month-to-month,109.73,3112.67,Bank Transfer,DSL,2,1,0,183.83,26,8,1
C00140,30,Female,32,One year,122.82,3360.32,Bank Transfer,None,3,1,1,118.26,30,9,1
C00141,39,Other,71,One year,77.99,5872.55,Electronic,Fiber,4,2,1,146.06,33,6,1
C00142,23,Female,16,Month-to-month,120.53,1953.39,Card,DSL,3,1,2,103.86,19,9,1
C00143,25,Male,20,Month-to-month,71.27,1306.04,Electronic,Fiber,0,0,1,66.08,0,4,1
C00144,67,Female,30,Month-to-month,134.17,4191.11,Card,Fiber,2,0,1,250.85,35,9,1
C00145,24,Female,72,Month-to-month,147.02,12131.23,Bank Transfer,Fiber,3,2,1,100.2,5,5,1
C00146,38,Female,62,Month-to-month,119.53,7069.71,Electronic,Fiber,1,1,0,146.22,1,8,0
C00147,75,Male,3,Month-to-month,45.15,141.08,Electronic,DSL,0,0,0,46.66,1,9,0
C00148,36,Female,17,One year,76.16,1271.21,Card,Fiber,0,1,2,170.5,55,9,1
C00149,57,Male,60,Two year,129.76,7534.65,Electronic,Fiber,0,0,0,63.68,25,4,0
C00150,24,Other,5,One year,110.74,521.68,Electronic,Fiber,1,1,0,222.29,2,6,1
C00151,68,Male,62,Month-to-month,25.0,1423.96,Electronic,None,1,0,2,228.86,8,8,0
C00152,71,Male,21,Month-to-month,153.5,2967.78,Card,Fiber,0,1,2,161.11,18,8,1
C00153,70,Male,67,Month-to-month,114.78,8323.19,Cash,Fiber,0,1,1,136.32,26,7,0
C00154,54,Female,22,Month-to-month,81.33,1694.72,Bank Transfer,DSL,1,0,1,119.69,22,3,0
C00155,74,Female,32,Two year,144.82,4675.47,Card,None,0,0,0,127.39,4,9,1
C00156,58,Male,48,Month-to-month,86.29,3785.77,Bank Transfer,DSL,2,1,0,152.51,23,9,0
C00157,39,Female,10,Month-to-month,85.9,784.94,Card,Fiber,1,0,0,134.94,9,7,0
C00158,70,Male,41,Two year,122.54,5155.49,Card,Fiber,1,2,0,183.99,34,7,1
C00159,33,Male,37,Month-to-month,172.34,6534.77,Electronic,Fiber,6,0,2,79.49,19,8,1
C00160,66,Male,57,Month-to-month,166.83,9524.07,Electronic,DSL,2,0,0,214.04,7,10,0
C00161,71,Male,72,Month-to-month,122.59,9338.02,Card,Fiber,0,1,1,106.75,28,7,0
C00162,44,Female,48,One year,126.18,6305.79,Cash,Fiber,3,0,0,88.98,24,7,0
C00163,31,Male,30,One year,137.7,3759.4,Card,Fiber,1,0,1,149.94,11,8,0
C00164,27,Male,30,Month-to-month,66.01,1716.11,Cash,Fiber,2,0,0,153.46,29,7,1
C00165,49,Male,31,Two year,132.55,3824.98,Electronic,Fiber,1,1,2,34.48,27,7,1
C00166,56,Male,59,Two year,84.31,4871.54,Electronic,Fiber,1,0,2,103.54,36,4,0
C00167,52,Female,24,Two year,121.15,2653.08,Cash,Fiber,2,0,1,10.54,29,8,1
C00168,55,Female,13,Month-to-month,102.04,1319.5,Electronic,Fiber,0,0,1,92.84,15,9,0
C00169,19,Male,25,Month-to-month,127.54,2745.39,Card,Fiber,6,0,0,95.2,0,9,0
C00170,20,Male,2,Two year,114.13,226.7,Electronic,DSL,0,1,0,146.36,21,9,1
C00171,33,Female,8,Month-to-month,25.0,191.09,Bank Transfer,DSL,2,2,1,86.67,23,7,1
C00172,70,Female,7,One year,116.26,925.92,Electronic,DSL,1,1,1,99.69,19,7,1
C00173,47,Female,56,One year,132.48,8257.0,Cash,Fiber,1,0,2,201.71,0,9,0
C00174,37,Female,53,Month-to-month,125.61,7558.15,Electronic,DSL,1,0,2,243.53,28,9,0
C00175,56,Other,51,One year,106.41,5685.47,Electronic,Fiber,2,1,0,79.35,4,10,0
C00176,42,Female,34,Two year,167.48,6500.39,Bank Transfer,Fiber,3,0,1,186.06,28,6,1
C00177,26,Male,52,One year,120.9,5701.13,Electronic,Fiber,2,0,0,151.33,44,6,0
C00178,47,Female,12,Month-to-month,125.32,1518.44,Electronic,None,0,0,1,34.37,14,6,0
C00179,58,Female,65,Two year,146.56,10221.2,Card,Fiber,2,1,1,86.49,25,5,0
C00180,70,Female,37,Month-to-month,122.69,4515.52,Electronic,Fiber,1,1,1,10.0,18,5,1
C00181,39,Female,68,One year,78.57,4883.91,Electronic,Fiber,5,0,0,147.8,26,8,0
C00182,27,Male,11,One year,25.0,287.69,Electronic,DSL,2,0,0,70.78,20,8,0
C00183,68,Female,36,One year,93.3,3833.64,Card,Fiber,1,0,1,137.37,10,7,1
C00184,39,Male,51,Month-to-month,136.63,7016.79,Electronic,DSL,4,1,0,271.4,4,8,0
C00185,27,Male,36,Month-to-month,97.64,3249.47,Bank Transfer,Fiber,2,0,0,217.62,42,4,1
C00186,47,Male,33,Month-to-month,138.04,3927.43,Bank Transfer,Fiber,0,1,1,87.81,25,6,0
C00187,21,Female,12,Month-to-month,115.21,1218.29,Electronic,DSL,2,0,1,74.52,30,6,0
C00188,75,Male,28,Month-to-month,155.08,4703.44,Card,Fiber,1,2,0,201.11,24,7,1
C00189,63,Male,18,One year,99.67,1786.08,Card,Fiber,2,1,0,74.74,33,4,1
C00190,43,Female,22,Month-to-month,126.37,2537.08,Card,DSL,2,2,0,184.51,5,5,0
C00191,49,Male,50,One year,127.71,7075.06,Electronic,None,1,0,1,280.47,19,6,1
C00192,41,Male,46,Two year,162.56,7334.18,Card,Fiber,3,1,0,167.15,26,9,0
C00193,45,Female,44,Month-to-month,50.27,2408.02,Electronic,DSL,0,0,0,195.12,37,7,0
C00194,72,Male,27,One year,93.96,2773.71,Card,Fiber,2,4,0,188.74,58,9,1
C00195,60,Male,70,One year,139.7,10418.16,Electronic,DSL,3,1,0,99.36,24,7,1
C00196,56,Male,7,Month-to-month,164.11,1311.6,Cash,DSL,0,1,0,145.96,8,7,0
C00197,74,Male,25,Month-to-month,118.4,3312.52,Electronic,DSL,3,1,0,77.4,0,8,1
C00198,27,Male,9,One year,99.76,796.91,Card,Fiber,0,1,2,200.95,4,7,0
C00199,70,Female,25,Two year,136.5,3252.52,Card,Fiber,1,0,0,70.32,6,6,0
C00200,28,Male,70,One year,140.4,11167.67,Electronic,DSL,4,0,3,168.55,0,4,0
C00201,33,Female,27,Two year,97.41,2752.87,Electronic,DSL,2,0,3,192.24,8,6,1
C00202,55,Male,66,Two year,121.56,7887.58,Electronic,DSL,3,1,2,102.96,29,9,1
C00203,25,Female,36,Month-to-month,151.32,6039.26,Card,Fiber,3,1,0,90.35,19,9,0
C00204,45,Female,51,One year,176.17,9358.83,Card,Fiber,1,0,1,120.67,14,6,0
C00205,37,Male,33,Month-to-month,135.99,4313.46,Electronic,DSL,1,1,0,80.92,0,4,1
C00206,18,Female,20,Two year,111.54,2077.8,Card,Fiber,1,0,0,138.6,34,9,0
C00207,28,Male,56,Month-to-month,108.11,6691.69,Electronic,None,4,0,0,79.57,26,7,0
C00208,44,Male,70,Month-to-month,129.51,10008.72,Card,Fiber,1,0,0,83.55,18,5,0
C00209,22,Male,19,Two year,105.95,2265.7,Electronic,DSL,1,1,1,160.08,0,1,0
C00210,72,Female,57,Month-to-month,116.64,7215.86,Bank Transfer,Fiber,2,0,1,163.97,11,5,0
C00211,42,Male,19,One year,72.97,1255.39,Card,Fiber,0,1,3,113.86,25,6,1
C00212,61,Male,52,Month-to-month,155.4,7810.29,Electronic,None,2,1,0,39.45,18,5,1
C00213,29,Female,57,Two year,70.09,3789.27,Bank Transfer,DSL,1,1,2,194.4,21,8,0
C00214,50,Female,33,Two year,94.88,2903.49,Bank Transfer,Fiber,1,0,1,105.34,28,6,0
C00215,24,Female,54,Month-to-month,113.42,6665.96,Electronic,None,2,2,0,243.43,20,7,0
C00216,29,Female,20,One year,179.68,3189.01,Electronic,Fiber,1,1,1,122.72,28,10,1
C00217,57,Female,6,Month-to-month,95.21,567.67,Electronic,DSL,4,2,0,137.47,5,7,1
C00218,37,Female,7,One year,86.69,673.39,Electronic,Fiber,1,0,1,106.25,0,7,0
C00219,74,Male,33,One year,90.72,3253.34,Bank Transfer,None,2,0,3,143.39,25,7,0
C00220,75,Female,65,One year,168.06,10161.63,Card,None,1,1,0,321.21,28,8,0
C00221,25,Male,10,Month-to-month,25.0,215.17,Electronic,Fiber,3,0,0,110.81,26,8,0
C00222,56,Female,33,Month-to-month,74.9,2407.97,Electronic,Fiber,0,1,1,200.2,20,5,1
C00223,63,Male,51,One year,205.6,10779.48,Card,DSL,1,0,1,134.98,13,6,1
C00224,34,Male,15,One year,130.68,2168.83,Card,Fiber,1,1,0,194.56,21,6,0
C00225,66,Male,52,Month-to-month,71.29,3738.55,Bank Transfer,Fiber,6,1,2,23.75,24,6,1
C00226,60,Female,23,Month-to-month,108.53,2320.88,Card,DSL,2,0,1,236.97,25,10,1
C00227,36,Male,59,Month-to-month,112.36,7008.67,Electronic,Fiber,2,1,1,148.76,57,8,1
C00228,23,Female,42,Two year,139.61,5690.81,Bank Transfer,None,0,1,1,115.27,4,7,0
C00229,43,Male,40,Month-to-month,174.38,7655.89,Card,DSL,0,5,0,179.68,66,9,1
C00230,39,Female,13,Month-to-month,123.6,1377.21,Card,Fiber,1,0,1,137.92,0,7,1
C00231,48,Female,34,Two year,91.11,3022.39,Electronic,Fiber,2,4,0,66.87,24,4,1
C00232,31,Other,62,Month-to-month,137.55,8328.82,Bank Transfer,DSL,5,4,0,10.0,0,10,0
C00233,36,Male,2,One year,85.56,175.62,Electronic,Fiber,3,1,0,230.43,23,7,1
C00234,69,Male,55,Month-to-month,73.83,3888.58,Electronic,None,2,1,1,117.74,33,3,1
C00235,66,Male,36,Two year,48.4,1691.38,Electronic,Fiber,3,0,2,96.29,18,4,1
C00236,60,Male,52,One year,55.22,3073.81,Bank Transfer,Fiber,2,0,1,100.56,33,9,0
C00237,38,Female,48,Two year,78.62,3401.8,Bank Transfer,DSL,4,0,0,210.55,12,4,0
C00238,46,Male,32,Month-to-month,68.78,2028.13,Electronic,Fiber,1,0,0,103.04,0,9,0
C00239,34,Other,23,Month-to-month,120.96,2450.29,Electronic,Fiber,1,2,0,165.44,27,7,1
C00240,41,Male,46,One year,68.02,2901.49,Electronic,DSL,1,0,0,111.6,18,8,0
C00241,47,Female,11,Month-to-month,25.0,275.44,Card,Fiber,2,0,0,60.99,11,7,0
C00242,67,Female,43,Month-to-month,73.46,2864.34,Card,Fiber,1,2,2,179.57,12,8,0
C00243,64,Female,7,Month-to-month,93.48,570.68,Bank Transfer,Fiber,1,2,1,190.67,24,8,1
C00244,29,Female,47,Two year,88.81,4795.59,Bank Transfer,Fiber,3,2,0,92.64,6,7,0
C00245,72,Female,46,One year,163.18,7405.56,Bank Transfer,Fiber,1,0,1,127.92,24,5,1
C00246,22,Male,7,One year,88.53,681.32,Electronic,Fiber,4,0,2,135.34,36,8,0
C00247,20,Male,55,One year,140.83,8300.63,Bank Transfer,None,3,0,1,154.48,49,4,1
C00248,67,Female,30,Month-to-month,109.34,2950.86,Electronic,Fiber,0,2,1,238.42,39,9,1
C00249,34,Male,57,Month-to-month,108.52,6208.39,Bank Transfer,Fiber,3,1,2,112.19,20,7,1
C00250,67,Female,3,Month-to-month,80.76,247.22,Card,None,0,0,1,111.85,22,8,0
C00251,21,Male,13,One year,107.94,1259.21,Cash,DSL,1,1,1,120.36,12,2,1
C00252,32,Male,36,Month-to-month,83.22,2647.15,Electronic,Fiber,0,0,0,78.18,11,5,1
C00253,65,Female,14,Two year,115.95,1508.01,Card,None,1,0,0,35.28,31,6,1
C00254,29,Male,24,One year,101.73,2266.68,Card,None,2,0,2,137.36,13,8,1
C00255,48,Female,48,Month-to-month,76.94,3446.61,Cash,DSL,1,2,0,159.0,23,5,0
C00256,59,Female,11,One year,144.72,1473.66,Electronic,DSL,0,1,1,130.13,4,10,1
C00257,38,Male,49,Month-to-month,124.94,6208.01,Card,DSL,2,1,0,126.55,39,7,1
C00258,26,Male,8,Two year,94.32,708.0,Electronic,None,2,0,1,80.57,13,5,0
C00259,66,Male,13,Two year,115.09,1618.13,Bank Transfer,Fiber,2,1,1,143.88,34,7,1
C00260,54,Female,43,Two year,107.07,3985.62,Bank Transfer,DSL,0,0,2,139.34,7,5,0
C00261,70,Female,58,Month-to-month,79.63,4787.16,Card,Fiber,2,0,3,156.12,7,5,0
C00262,58,Female,13,Month-to-month,112.47,1581.58,Card,DSL,2,1,0,147.8,38,9,1
C00263,61,Male,22,Month-to-month,88.26,1905.22,Card,None,5,0,1,151.66,9,8,0
C00264,54,Male,67,Month-to-month,76.93,4874.76,Card,Fiber,2,1,0,202.53,0,8,1
C00265,56,Male,72,Month-to-month,53.2,3604.34,Electronic,Fiber,3,1,0,161.47,2,9,0
C00266,42,Male,42,Month-to-month,97.45,3881.4,Bank Transfer,DSL,1,2,1,156.43,31,8,1
C00267,71,Female,33,Two year,129.84,3792.99,Card,DSL,1,1,0,34.16,29,5,1
C00268,65,Female,25,Month-to-month,85.69,2194.28,Electronic,DSL,4,2,1,187.94,7,8,1
C00269,32,Male,45,Month-to-month,198.22,9250.54,Card,None,2,2,0,113.62,9,5,1
C00270,71,Female,43,One year,141.0,5862.3,Electronic,Fiber,2,0,1,134.36,28,6,1
C00271,31,Female,22,One year,155.65,3892.64,Bank Transfer,DSL,2,2,1,59.99,38,7,1
C00272,58,Female,2,One year,137.83,309.69,Card,DSL,2,0,1,244.94,17,7,0
C00273,71,Female,11,One year,174.85,1806.73,Card,Fiber,3,1,0,10.0,26,4,1
C00274,42,Female,70,Two year,82.45,6174.17,Electronic,Fiber,4,1,0,211.85,31,5,1
C00275,28,Male,31,One year,25.0,685.79,Bank Transfer,DSL,3,0,1,153.38,50,7,1
C00276,75,Male,35,Month-to-month,94.39,3559.0,Bank Transfer,DSL,0,0,0,25.21,1,6,0
C00277,64,Male,34,One year,129.54,4715.76,Bank Transfer,DSL,2,0,1,242.0,8,9,1
C00278,44,Male,57,Month-to-month,115.3,6289.59,Card,Fiber,2,1,1,158.26,10,9,0
C00279,75,Female,5,Month-to-month,119.64,577.92,Card,DSL,3,1,0,10.0,30,5,1
C00280,24,Other,6,Month-to-month,156.23,961.59,Card,Fiber,1,0,1,106.76,14,7,1
C00281,48,Female,20,Month-to-month,123.37,2304.75,Electronic,Fiber,3,1,0,159.4,23,10,1
C00282,28,Male,36,One year,137.96,5075.01,Electronic,DSL,2,0,0,224.23,20,7,0
C00283,28,Male,49,Month-to-month,77.12,4218.06,Electronic,DSL,0,0,0,107.49,18,6,0
C00284,38,Female,36,Month-to-month,71.66,2537.11,Bank Transfer,DSL,1,2,1,10.0,20,9,0
C00285,51,Male,32,Month-to-month,166.49,4855.03,Electronic,Fiber,4,1,1,210.25,33,7,1
C00286,27,Male,68,Two year,113.53,7854.58,Bank Transfer,DSL,1,1,0,157.4,3,9,0
C00287,48,Male,12,Month-to-month,88.19,1106.77,Card,None,0,2,0,10.0,16,6,1
C00288,63,Female,42,One year,88.25,3735.44,Electronic,Fiber,0,0,1,148.85,0,6,1
C00289,26,Male,40,Two year,87.28,2992.29,Electronic,DSL,0,0,1,154.67,21,8,1
C00290,18,Female,35,Month-to-month,85.19,3132.94,Electronic,None,1,0,0,112.14,15,7,0
C00291,61,Female,59,One year,65.09,3306.76,Electronic,Fiber,0,0,1,84.5,34,7,1
C00292,41,Female,20,Month-to-month,57.49,1121.22,Electronic,DSL,1,0,1,96.46,18,4,0
C00293,29,Female,69,Month-to-month,103.17,6936.24,Bank Transfer,DSL,3,1,0,112.11,11,6,0
C00294,68,Female,24,One year,89.25,2364.54,Cash,Fiber,0,1,0,149.51,14,9,1
C00295,42,Male,40,Two year,148.75,6597.4,Electronic,None,2,1,0,173.36,44,6,1
C00296,24,Male,38,Month-to-month,120.26,4946.86,Electronic,Fiber,2,1,2,11.87,0,8,0
C00297,35,Male,62,One year,119.29,8105.13,Card,Fiber,3,0,1,144.08,9,7,0
C00298,51,Male,32,Month-to-month,83.99,2460.97,Cash,Fiber,3,2,1,156.84,19,7,0
C00299,34,Male,21,One year,105.76,2365.16,Cash,None,2,0,1,139.3,8,9,0
C00300,72,Female,2,One year,122.64,263.61,Cash,Fiber,3,0,2,107.73,25,6,1
C00301,54,Male,27,One year,135.07,3951.03,Electronic,DSL,3,2,1,208.09,17,7,1
C00302,22,Other,60,One year,106.71,6969.06,Cash,Fiber,1,0,1,203.94,22,7,1
C00303,38,Female,1,Month-to-month,147.77,132.84,Electronic,Fiber,3,0,0,109.86,20,7,1
C00304,38,Female,65,One year,110.28,6645.45,Electronic,DSL,2,2,1,125.43,16,8,0
C00305,26,Female,40,One year,137.75,5978.92,Bank Transfer,Fiber,1,2,1,172.45,0,4,1
C00306,20,Male,11,One year,92.86,913.35,Card,Fiber,3,0,0,200.54,21,9,0
C00307,24,Male,22,Month-to-month,46.56,908.75,Bank Transfer,Fiber,2,1,1,85.15,0,7,0
C00308,57,Male,40,Month-to-month,119.39,5459.12,Card,Fiber,1,1,1,72.46,8,8,0
C00309,32,Female,23,Month-to-month,135.39,3550.88,Bank Transfer,Fiber,6,0,2,145.08,25,10,0
C00310,42,Male,8,Month-to-month,130.14,990.1,Electronic,DSL,1,1,0,68.2,36,6,1
C00311,26,Male,48,Month-to-month,124.78,5106.32,Electronic,Fiber,3,0,1,23.03,53,5,1
C00312,72,Female,49,Month-to-month,97.8,4645.89,Bank Transfer,Fiber,2,1,0,84.88,12,7,0
C00313,75,Male,9,One year,81.76,631.21,Card,Fiber,2,0,0,152.94,5,8,0
C00314,58,Female,21,Month-to-month,129.31,2425.04,Electronic,None,2,2,0,215.45,26,9,1
C00315,37,Female,18,One year,124.93,2062.55,Electronic,DSL,0,1,1,91.02,46,6,1
C00316,52,Male,48,Month-to-month,90.37,4779.12,Bank Transfer,None,2,0,0,123.17,41,6,1
C00317,40,Female,53,One year,148.83,7592.89,Cash,DSL,2,1,2,138.55,2,4,0
C00318,70,Male,53,Month-to-month,79.1,3573.78,Bank Transfer,DSL,1,1,1,94.33,16,5,0
C00319,53,Male,68,Month-to-month,89.58,6341.34,Bank Transfer,Fiber,4,0,1,90.01,31,6,0
C00320,25,Female,56,One year,167.27,8160.77,Bank Transfer,DSL,4,0,0,148.42,32,7,1
C00321,23,Male,24,Two year,140.4,3768.0,Electronic,Fiber,4,0,0,64.14,27,10,0
C00322,63,Female,8,Month-to-month,97.47,720.19,Card,DSL,0,0,1,87.79,11,4,1
C00323,60,Other,45,Month-to-month,120.06,4977.56,Card,None,2,1,1,118.86,27,8,1
C00324,60,Female,66,One year,115.42,7382.29,Cash,DSL,2,0,0,147.74,32,6,0
C00325,37,Male,71,One year,25.0,1565.97,Electronic,Fiber,2,0,1,46.66,4,7,0
C00326,57,Male,17,Month-to-month,78.27,1140.29,Cash,DSL,2,1,0,122.81,38,6,1
C00327,33,Male,18,Month-to-month,108.22,2190.12,Bank Transfer,DSL,1,1,0,59.0,33,9,1
C00328,55,Male,3,Month-to-month,97.52,324.47,Electronic,Fiber,2,2,0,92.37,7,9,1
C00329,37,Male,11,Two year,118.65,1468.14,Card,Fiber,1,2,0,173.37,32,7,0
C00330,25,Male,40,Month-to-month,149.53,6298.23,Electronic,DSL,2,0,1,125.94,30,10,0
C00331,66,Female,40,Month-to-month,98.75,3372.8,Card,Fiber,0,0,0,221.8,31,8,0
C00332,65,Male,27,Two year,72.98,2250.24,Card,Fiber,1,0,0,126.03,42,10,0
C00333,63,Male,23,Month-to-month,121.37,2966.33,Bank Transfer,None,3,1,1,183.24,18,7,0
C00334,54,Female,60,Month-to-month,98.57,5763.69,Card,None,0,0,2,173.71,23,9,0
C00335,55,Male,34,Month-to-month,104.54,3802.17,Bank Transfer,Fiber,3,0,2,129.27,0,6,1
C00336,62,Male,59,Month-to-month,99.79,6005.96,Electronic,None,0,1,1,57.64,35,5,1
C00337,50,Male,70,Month-to-month,188.46,13871.97,Bank Transfer,None,2,1,1,124.22,33,10,1
C00338,68,Male,23,Month-to-month,31.58,796.85,Bank Transfer,DSL,0,0,0,100.7,38,5,1
C00339,62,Male,15,One year,96.41,1635.36,Card,DSL,0,2,1,98.57,4,6,1
C00340,49,Male,69,One year,109.87,8255.78,Electronic,None,2,1,4,138.57,32,4,0
C00341,52,Male,46,Month-to-month,82.66,4253.95,Cash,DSL,1,2,2,50.27,33,5,0
C00342,73,Male,21,One year,141.49,3031.55,Bank Transfer,Fiber,2,1,1,81.94,8,5,1
C00343,47,Male,45,Month-to-month,138.46,5928.87,Bank Transfer,Fiber,0,0,0,74.34,34,6,1
C00344,24,Female,38,Two year,108.33,4326.04,Electronic,Fiber,1,1,0,116.02,25,8,0
C00345,66,Female,66,Month-to-month,100.53,6746.66,Bank Transfer,Fiber,1,0,0,87.75,0,8,1
C00346,18,Male,19,One year,106.08,1747.21,Electronic,Fiber,4,0,0,91.37,27,5,1
C00347,32,Female,72,Month-to-month,106.33,7830.22,Card,Fiber,3,1,1,137.45,6,6,0
C00348,37,Female,68,One year,107.26,7112.77,Bank Transfer,Fiber,0,0,4,105.49,0,9,0
C00349,19,Female,14,Month-to-month,103.42,1391.23,Electronic,Fiber,3,2,0,130.26,23,10,0
C00350,30,Male,12,One year,118.84,1522.05,Electronic,None,5,1,1,68.64,17,9,1
C00351,28,Male,39,Month-to-month,136.36,5932.55,Card,Fiber,0,2,0,84.44,39,4,1
C00352,50,Male,4,Two year,66.94,243.44,Electronic,DSL,2,1,0,242.25,21,9,0
C00353,69,Female,22,Month-to-month,73.23,1753.51,Card,DSL,5,0,1,91.64,30,10,0
C00354,34,Other,32,One year,48.8,1406.87,Electronic,None,3,0,0,14.15,26,4,0
C00355,40,Female,70,Two year,140.32,10047.95,Electronic,Fiber,0,0,1,148.82,33,9,1
C00356,57,Male,72,Two year,118.76,9444.05,Card,Fiber,3,1,0,91.06,5,7,0
C00357,57,Other,11,Month-to-month,127.68,1575.53,Cash,DSL,4,1,0,143.41,21,6,1
C00358,72,Female,65,Month-to-month,59.97,3673.89,Card,DSL,2,0,0,125.08,16,7,0
C00359,48,Female,7,Month-to-month,172.47,1322.81,Electronic,DSL,1,0,1,160.24,28,8,1
C00360,62,Female,54,Month-to-month,88.69,5333.51,Cash,Fiber,2,0,0,124.52,22,9,0
C00361,67,Male,61,One year,115.89,6375.16,Cash,Fiber,1,2,0,117.54,9,9,1
C00362,42,Male,65,Two year,139.9,8779.24,Card,Fiber,5,2,3,193.14,13,4,1
C00363,66,Female,17,Two year,75.46,1389.05,Card,DSL,3,0,1,10.0,43,6,1
C00364,75,Male,65,Month-to-month,90.88,5047.13,Electronic,Fiber,3,0,0,57.1,0,7,0
C00365,24,Female,9,One year,116.27,1085.92,Card,Fiber,3,1,1,84.62,29,10,1
C00366,62,Female,38,Two year,210.01,7776.08,Bank Transfer,DSL,1,0,1,36.89,37,2,1
C00367,54,Female,34,Two year,120.54,4119.87,Cash,Fiber,3,1,0,103.63,27,6,0
C00368,65,Male,23,Month-to-month,166.22,3729.49,Electronic,Fiber,4,1,1,98.21,48,4,1
C00369,49,Female,2,Month-to-month,152.2,276.58,Electronic,Fiber,5,1,0,183.61,32,5,1
C00370,29,Male,56,Two year,122.88,6568.45,Bank Transfer,DSL,2,0,2,125.15,24,9,0
C00371,42,Female,25,Month-to-month,75.38,2088.57,Bank Transfer,DSL,0,1,0,118.28,11,6,0
C00372,57,Female,48,Month-to-month,147.09,7295.42,Bank Transfer,Fiber,2,2,0,109.11,24,3,1
C00373,70,Female,30,Two year,57.57,1715.2,Electronic,Fiber,1,0,0,72.14,28,7,0
C00374,22,Female,27,Two year,166.03,4759.94,Bank Transfer,None,2,3,0,178.99,18,10,1
C00375,28,Female,64,Two year,117.0,6777.54,Card,Fiber,5,1,0,196.55,7,4,1
C00376,31,Female,7,One year,25.0,153.13,Electronic,Fiber,1,1,3,63.33,0,8,0
C00377,52,Male,54,Month-to-month,98.08,5373.66,Electronic,None,3,0,3,219.1,21,10,0
C00378,18,Female,54,Month-to-month,132.89,6124.33,Electronic,DSL,3,2,2,93.1,0,7,1
C00379,73,Female,28,Month-to-month,101.7,2547.18,Card,None,0,1,0,88.61,11,10,1
C00380,58,Female,19,One year,135.03,2732.54,Electronic,DSL,2,0,0,156.0,0,6,0
C00381,70,Male,1,Month-to-month,80.25,89.92,Card,DSL,1,0,0,160.91,30,10,0
C00382,19,Male,68,One year,64.29,4090.13,Electronic,DSL,2,0,0,126.08,35,9,0
C00383,33,Male,69,Month-to-month,107.5,7156.27,Electronic,Fiber,0,0,0,110.95,19,7,0
C00384,44,Male,18,One year,111.1,2108.49,Cash,None,2,0,0,194.48,45,4,1
C00385,62,Female,3,Month-to-month,97.81,320.26,Bank Transfer,DSL,1,0,0,95.72,38,5,1
C00386,55,Female,9,Month-to-month,152.96,1277.57,Electronic,Fiber,2,2,1,126.22,25,3,1
C00387,42,Male,5,Month-to-month,80.24,440.47,Card,Fiber,0,0,0,223.16,16,8,1
C00388,35,Female,60,Month-to-month,120.96,8286.82,Electronic,Fiber,4,1,0,56.46,13,8,0
C00389,37,Male,65,Two year,112.38,6401.69,Card,Fiber,0,1,0,104.77,26,7,0
C00390,39,Female,12,Month-to-month,55.51,611.08,Electronic,Fiber,0,0,1,186.38,16,7,1
C00391,57,Male,54,Month-to-month,63.83,3680.89,Cash,Fiber,2,0,0,159.04,26,9,0
C00392,68,Male,13,One year,110.42,1235.91,Electronic,None,0,4,1,179.17,27,8,1
C00393,45,Male,27,One year,179.34,4528.49,Bank Transfer,DSL,0,0,3,57.24,15,6,1
C00394,70,Male,44,Month-to-month,130.27,6324.53,Bank Transfer,Fiber,2,1,3,147.66,34,7,1
C00395,35,Female,52,Month-to-month,49.6,2719.91,Electronic,Fiber,2,0,1,114.31,15,10,0
C00396,67,Female,63,Month-to-month,25.0,1641.48,Bank Transfer,DSL,1,0,0,254.98,18,8,0
C00397,18,Male,4,One year,135.66,560.86,Electronic,DSL,3,2,1,174.52,3,6,0
C00398,61,Female,15,Month-to-month,106.63,1600.4,Card,Fiber,0,0,0,128.77,14,7,1
C00399,73,Female,21,Month-to-month,149.94,3400.81,Bank Transfer,None,0,0,1,145.72,50,8,1
C00400,34,Female,23,Month-to-month,79.17,2020.58,Electronic,Fiber,2,2,4,132.99,4,6,1
C00401,57,Male,72,One year,122.26,9582.97,Electronic,Fiber,0,0,0,168.45,25,6,1
C00402,22,Female,56,Month-to-month,139.62,7777.91,Bank Transfer,Fiber,1,1,1,82.9,11,7,1
C00403,67,Female,24,Two year,94.34,2453.31,Electronic,None,3,1,0,205.09,0,10,0
C00404,46,Female,70,Month-to-month,95.09,7165.98,Cash,DSL,5,0,1,57.14,26,8,0
C00405,42,Male,36,One year,110.88,3938.86,Electronic,DSL,0,0,0,141.28,10,6,1
C00406,71,Male,37,Month-to-month,128.99,4535.24,Electronic,Fiber,2,1,1,84.66,23,9,1
C00407,71,Male,32,Month-to-month,109.5,3409.48,Electronic,Fiber,4,0,1,132.36,33,7,1
C00408,30,Female,11,Month-to-month,144.09,1581.76,Card,Fiber,1,2,1,184.34,22,8,1
C00409,73,Female,68,One year,93.83,5704.8,Cash,Fiber,2,0,1,35.82,23,7,1
C00410,30,Female,2,Two year,63.51,116.29,Electronic,None,2,1,0,120.68,5,3,0
C00411,65,Female,13,Month-to-month,179.19,2051.27,Card,DSL,1,1,1,50.81,29,2,1
C00412,63,Male,17,Month-to-month,88.84,1316.46,Electronic,Fiber,1,0,1,114.63,15,7,0
C00413,47,Male,21,Two year,90.1,1929.73,Electronic,None,2,0,0,50.67,0,5,0
C00414,52,Female,10,Month-to-month,107.7,1140.96,Electronic,Fiber,3,1,0,138.9,30,4,1
C00415,40,Male,2,Month-to-month,112.35,232.36,Card,Fiber,0,0,1,106.56,35,6,1
C00416,41,Female,49,Month-to-month,96.47,5048.6,Card,Fiber,5,0,0,171.09,40,9,1
C00417,47,Male,70,One year,109.39,7442.5,Electronic,None,3,1,1,197.57,51,8,1
C00418,68,Female,9,One year,108.61,1065.2,Cash,Fiber,1,1,2,130.59,30,8,1
C00419,46,Male,22,One year,116.12,2744.43,Electronic,Fiber,2,0,1,179.15,26,8,1
C00420,51,Female,37,Two year,27.49,1081.43,Bank Transfer,Fiber,0,2,2,206.04,34,5,0
C00421,59,Female,67,Month-to-month,175.83,12720.75,Electronic,None,1,0,2,79.28,5,8,0
C00422,71,Male,50,Month-to-month,104.84,4819.9,Card,Fiber,1,0,0,208.92,0,8,0
C00423,67,Male,56,Month-to-month,130.32,7450.05,Electronic,DSL,1,0,2,127.97,11,7,1
C00424,39,Female,42,Month-to-month,61.77,2808.16,Card,None,5,2,0,76.19,37,7,1
C00425,68,Female,31,Month-to-month,93.51,2550.1,Bank Transfer,DSL,0,0,0,146.42,8,8,0
C00426,43,Male,15,Month-to-month,86.47,1198.62,Bank Transfer,Fiber,4,0,0,126.03,25,6,1
C00427,23,Female,63,Month-to-month,161.44,10142.77,Electronic,Fiber,4,0,0,52.61,27,9,1
C00428,22,Male,58,One year,89.5,5057.16,Bank Transfer,Fiber,3,1,1,69.44,22,8,0
C00429,29,Male,2,Month-to-month,136.53,307.0,Electronic,DSL,1,2,0,220.05,0,7,1
C00430,39,Female,52,Month-to-month,87.24,4877.33,Electronic,DSL,3,1,1,145.32,23,10,1
C00431,41,Other,7,One year,94.16,568.32,Card,Fiber,3,1,0,211.5,12,5,0
C00432,28,Male,54,One year,101.41,5418.92,Cash,Fiber,1,0,1,107.09,44,6,1
C00433,28,Male,60,One year,154.93,10028.31,Electronic,Fiber,0,1,1,85.91,35,6,1
C00434,19,Male,10,One year,43.86,460.79,Card,Fiber,2,1,0,37.42,12,8,0
C00435,70,Female,32,One year,63.95,2069.57,Bank Transfer,Fiber,2,2,1,183.24,44,9,0
C00436,32,Female,9,Month-to-month,41.84,329.73,Card,None,5,0,1,152.58,23,5,1
C00437,55,Female,41,Month-to-month,71.94,3316.76,Card,Fiber,3,1,1,107.59,0,10,0
C00438,46,Male,67,One year,81.59,5327.55,Electronic,Fiber,3,1,2,86.4,17,6,1
C00439,38,Male,6,Month-to-month,53.49,286.79,Electronic,DSL,2,0,0,191.98,43,8,1
C00440,32,Female,29,Month-to-month,84.3,2140.01,Electronic,None,2,1,1,120.25,6,7,0
C00441,21,Male,71,Month-to-month,39.48,3042.96,Card,Fiber,6,1,0,120.84,17,7,0
C00442,24,Male,22,Month-to-month,74.37,1691.49,Electronic,DSL,0,0,1,96.96,0,6,0
C00443,57,Male,10,Month-to-month,152.01,1406.92,Card,Fiber,4,0,0,107.59,0,9,1
C00444,44,Female,36,Month-to-month,124.13,4512.8,Card,DSL,2,3,1,160.26,5,5,1
C00445,74,Female,37,One year,116.56,4890.42,Electronic,DSL,4,1,0,52.1,0,4,1
C00446,26,Female,48,Two year,74.9,3587.91,Bank Transfer,None,1,1,2,134.44,9,5,0
C00447,71,Male,23,Month-to-month,56.24,1251.01,Card,DSL,0,1,0,182.56,44,10,0
C00448,22,Female,69,Two year,70.13,4559.99,Card,Fiber,2,0,0,125.34,17,9,0
C00449,60,Female,38,Month-to-month,108.49,3729.58,Card,DSL,1,1,1,187.98,30,3,1
C00450,73,Male,21,Two year,140.39,3311.04,Electronic,Fiber,4,0,3,203.73,34,8,1
C00451,26,Female,70,Two year,141.58,8934.68,Card,Fiber,1,2,0,179.7,1,3,0
C00452,45,Female,67,Month-to-month,132.07,7666.45,Bank Transfer,Fiber,4,1,0,100.45,6,7,1
C00453,71,Male,36,One year,84.19,2705.84,Bank Transfer,DSL,1,0,0,128.05,29,5,1
C00454,64,Female,2,Two year,110.86,200.6,Bank Transfer,DSL,2,0,0,149.02,8,9,1
C00455,30,Female,43,Two year,98.75,4150.61,Electronic,DSL,0,1,1,104.16,28,8,1
C00456,27,Female,40,Two year,102.96,4624.44,Bank Transfer,Fiber,3,0,0,102.33,43,9,1
C00457,37,Female,11,One year,181.3,1775.81,Electronic,Fiber,1,1,2,99.02,0,6,1
C00458,44,Female,46,Month-to-month,48.33,1987.19,Electronic,None,2,2,2,269.9,13,7,0
C00459,35,Female,61,Two year,101.79,6092.24,Electronic,Fiber,2,0,1,115.09,15,4,1
C00460,23,Male,8,One year,152.41,1366.98,Bank Transfer,Fiber,1,1,0,188.78,10,5,1
C00461,46,Female,53,One year,58.69,3509.39,Card,DSL,2,0,0,82.18,9,9,0
C00462,41,Female,11,Month-to-month,87.47,1092.29,Bank Transfer,None,4,0,0,223.6,11,8,1
C00463,35,Other,54,One year,91.48,4387.14,Card,Fiber,1,0,2,109.18,18,7,0
C00464,65,Female,31,Month-to-month,102.18,3363.06,Bank Transfer,DSL,3,0,1,132.91,20,9,0
C00465,34,Female,1,One year,54.14,56.54,Card,DSL,2,2,0,29.2,32,5,1
C00466,69,Female,70,Month-to-month,130.84,7868.41,Card,Fiber,0,1,1,191.41,18,8,1
C00467,18,Female,12,One year,133.32,1682.54,Electronic,None,3,0,1,203.33,35,5,1
C00468,48,Male,43,Two year,127.79,5819.84,Card,Fiber,0,0,1,64.7,9,10,0
C00469,73,Male,14,Month-to-month,79.54,1165.85,Card,Fiber,5,1,0,194.61,0,8,1
C00470,34,Female,68,Month-to-month,113.03,7030.36,Electronic,Fiber,1,1,1,56.45,13,9,0
C00471,55,Female,54,Month-to-month,78.52,4026.82,Electronic,Fiber,1,3,0,164.76,25,6,0
C00472,60,Female,58,Two year,98.36,5796.84,Electronic,Fiber,2,0,1,114.16,31,10,0
C00473,37,Other,32,One year,185.37,5288.43,Electronic,Fiber,1,1,0,203.49,40,10,0
C00474,55,Female,34,Month-to-month,113.35,3459.34,Card,None,0,2,0,143.71,22,8,1
C00475,55,Female,46,Month-to-month,68.44,3335.79,Card,DSL,2,2,1,181.23,29,9,0
C00476,45,Female,57,Month-to-month,116.31,5964.89,Cash,Fiber,1,1,2,198.08,39,6,1
C00477,39,Female,61,Month-to-month,62.69,3269.47,Card,Fiber,3,1,0,113.99,6,5,0
C00478,45,Female,2,Two year,68.03,123.21,Bank Transfer,Fiber,3,0,0,128.41,15,8,1
C00479,26,Male,48,One year,73.56,3081.28,Card,DSL,6,3,1,68.89,60,5,1
C00480,46,Female,8,Month-to-month,94.45,706.22,Card,DSL,0,0,1,113.5,31,9,1
C00481,36,Male,21,Two year,142.79,3232.87,Electronic,Fiber,1,0,1,235.99,26,9,0
C00482,37,Female,60,Month-to-month,130.24,8485.35,Electronic,DSL,3,3,0,171.57,31,7,1
C00483,32,Male,19,Two year,128.3,2124.31,Electronic,Fiber,3,1,2,72.55,0,7,1
C00484,48,Female,58,Month-to-month,71.54,4236.67,Card,DSL,0,0,2,219.73,8,9,0
C00485,18,Male,34,One year,91.05,2713.24,Electronic,DSL,1,2,1,151.4,3,7,0
C00486,21,Female,17,Two year,119.52,1841.1,Card,Fiber,1,0,1,175.67,24,6,1
C00487,30,Female,25,Month-to-month,88.01,2387.82,Cash,Fiber,1,2,0,156.98,12,4,1
C00488,51,Male,39,One year,100.26,4463.7,Card,Fiber,0,1,0,153.09,19,9,0
C00489,32,Male,56,Two year,125.45,6543.75,Electronic,None,2,2,2,20.13,13,8,0
C00490,46,Female,44,Month-to-month,97.79,4660.15,Card,DSL,0,1,0,190.88,0,10,0
C00491,26,Male,68,Month-to-month,117.91,7638.09,Card,None,1,0,0,10.0,31,7,0
C00492,42,Female,63,One year,165.75,11333.38,Bank Transfer,DSL,1,0,0,185.88,0,8,0
C00493,44,Female,55,Month-to-month,103.98,5839.73,Bank Transfer,None,2,1,1,135.48,7,8,0
C00494,36,Female,44,Month-to-month,151.28,6748.69,Electronic,Fiber,7,0,2,175.95,0,8,0
C00495,20,Male,21,Month-to-month,129.58,2973.2,Cash,DSL,2,1,2,138.71,5,5,1
C00496,54,Female,30,One year,58.65,1862.94,Electronic,Fiber,1,2,1,187.41,21,7,0
C00497,29,Other,9,Month-to-month,71.43,733.61,Electronic,None,1,0,0,130.89,37,8,0
C00498,46,Male,27,Month-to-month,80.82,2092.35,Electronic,None,1,1,1,145.45,0,6,1
C00499,59,Female,67,Two year,80.08,6097.87,Electronic,DSL,1,0,2,152.26,10,8,0
C00500,23,Male,31,Month-to-month,106.84,3637.58,Electronic,DSL,1,3,0,233.33,0,7,1
C00501,57,Other,9,Two year,131.51,1181.32,Electronic,None,1,2,0,163.02,9,8,1
C00502,39,Male,47,Month-to-month,153.93,7236.5,Electronic,Fiber,2,2,1,57.57,19,9,1
C00503,47,Male,70,Two year,120.79,9474.59,Electronic,Fiber,3,0,0,98.98,30,7,1
C00504,22,Male,63,One year,94.4,6103.29,Cash,DSL,2,1,2,162.89,0,4,1
C00505,46,Female,20,Month-to-month,37.12,706.3,Bank Transfer,DSL,3,0,1,199.29,26,7,1
C00506,39,Female,33,Two year,112.47,3200.87,Card,DSL,3,0,2,90.28,3,6,1
C00507,28,Male,39,Month-to-month,110.9,4065.19,Bank Transfer,Fiber,1,1,0,253.19,0,3,1
C00508,48,Male,18,Month-to-month,116.4,1917.57,Card,Fiber,2,0,0,139.66,19,7,1
C00509,55,Female,20,Month-to-month,183.72,3265.44,Electronic,None,1,0,1,153.13,27,7,1
C00510,40,Male,18,One year,153.42,2904.59,Cash,DSL,2,0,2,61.03,16,9,1
C00511,54,Female,72,Month-to-month,137.48,9588.63,Electronic,DSL,4,1,2,191.35,2,5,1
C00512,37,Female,54,Month-to-month,76.33,3620.35,Card,Fiber,0,0,0,105.48,16,7,0
C00513,66,Female,61,Month-to-month,92.05,5323.32,Bank Transfer,Fiber,0,1,1,88.98,7,9,0
C00514,34,Female,59,Month-to-month,106.68,5615.16,Electronic,Fiber,4,0,0,112.55,27,6,0
C00515,64,Female,70,Month-to-month,82.86,5971.83,Electronic,Fiber,2,1,1,206.05,34,8,0
C00516,40,Male,8,Month-to-month,127.52,997.76,Bank Transfer,Fiber,4,3,0,155.62,33,10,0
C00517,50,Male,64,Month-to-month,122.49,8860.66,Card,Fiber,2,2,1,81.1,18,4,1
C00518,22,Male,5,Month-to-month,71.91,371.28,Electronic,Fiber,1,1,1,100.83,35,7,1
C00519,22,Male,35,One year,151.89,5739.01,Cash,Fiber,0,2,0,207.53,3,9,1
C00520,75,Female,43,Month-to-month,113.58,4642.3,Bank Transfer,DSL,3,0,0,117.0,45,6,1
C00521,18,Female,26,One year,49.48,1384.77,Bank Transfer,DSL,0,2,0,160.82,3,9,0
C00522,50,Female,11,Month-to-month,108.2,1274.07,Electronic,DSL,1,0,0,174.28,0,8,0
C00523,44,Female,14,Month-to-month,119.84,1924.88,Bank Transfer,None,4,1,1,10.0,38,10,1
C00524,54,Male,60,Month-to-month,144.05,9060.75,Card,Fiber,0,1,1,199.54,7,8,0
C00525,18,Female,23,Month-to-month,98.19,2540.28,Card,None,1,0,0,83.12,20,10,1
C00526,28,Female,23,Month-to-month,138.98,3548.34,Electronic,Fiber,3,1,1,110.17,3,8,1
C00527,37,Female,67,One year,116.55,8789.79,Card,Fiber,1,2,1,214.66,53,5,0
C00528,71,Male,11,Month-to-month,63.97,719.15,Electronic,Fiber,3,1,1,209.58,45,6,1
C00529,38,Female,66,Month-to-month,60.47,3660.5,Cash,None,0,1,0,157.1,41,9,0
C00530,51,Male,67,One year,149.29,10257.55,Card,None,2,2,1,170.06,19,9,0
C00531,51,Male,44,Month-to-month,151.86,7527.08,Card,Fiber,1,1,1,183.79,33,6,1
C00532,42,Female,12,Month-to-month,121.3,1662.18,Electronic,DSL,3,1,1,208.66,17,10,0
C00533,66,Male,12,Month-to-month,162.35,2208.96,Electronic,Fiber,0,1,1,215.66,35,6,1
C00534,59,Male,21,Month-to-month,146.98,3032.06,Card,DSL,2,0,1,135.92,12,8,0
C00535,43,Female,42,Month-to-month,133.93,6138.49,Bank Transfer,Fiber,1,2,0,89.45,42,8,1
C00536,35,Male,12,One year,78.1,934.03,Card,DSL,2,1,1,115.97,11,5,1
C00537,34,Male,33,Two year,170.6,5953.61,Electronic,Fiber,4,1,0,137.0,13,7,0
C00538,72,Female,9,Month-to-month,128.77,1135.13,Card,DSL,2,0,2,127.08,11,10,1
C00539,25,Female,39,One year,96.5,3540.43,Electronic,Fiber,0,2,1,74.33,21,5,1
C00540,27,Female,2,One year,86.61,170.2,Card,DSL,0,0,0,154.02,12,8,0
C00541,33,Other,52,Month-to-month,118.99,5829.06,Card,Fiber,1,1,0,43.77,25,5,0
C00542,66,Male,4,One year,51.51,201.3,Electronic,DSL,2,0,1,134.7,11,5,0
C00543,57,Male,15,One year,134.49,2124.86,Electronic,Fiber,3,0,0,138.22,30,4,1
C00544,74,Male,13,Two year,76.63,906.7,Card,Fiber,2,0,1,136.34,41,9,1
C00545,59,Female,60,Two year,122.97,7769.43,Card,DSL,0,0,0,176.82,19,5,1
C00546,46,Male,4,Month-to-month,91.74,320.03,Electronic,Fiber,1,1,0,169.52,51,9,1
C00547,20,Female,31,Month-to-month,100.75,2656.13,Card,Fiber,0,1,2,252.25,35,6,1
C00548,68,Female,43,Month-to-month,83.51,3303.27,Card,Fiber,4,1,0,101.53,50,7,1
C00549,56,Male,38,Month-to-month,104.36,3611.47,Electronic,DSL,2,1,1,145.36,17,8,1
C00550,22,Female,50,Month-to-month,176.13,9686.58,Electronic,Fiber,1,2,0,141.84,0,4,1
C00551,74,Female,58,Two year,158.48,9897.71,Electronic,Fiber,2,1,0,139.25,7,7,1
C00552,53,Female,29,Month-to-month,122.41,3726.99,Bank Transfer,Fiber,0,2,0,60.43,9,8,0
C00553,53,Female,60,Month-to-month,109.11,6951.98,Electronic,DSL,2,1,0,64.91,4,9,1
C00554,38,Male,23,Two year,139.55,3366.52,Cash,DSL,3,0,0,130.36,0,5,1
C00555,37,Female,71,Month-to-month,149.55,11657.85,Card,Fiber,3,1,2,43.33,33,6,1
C00556,39,Male,37,Month-to-month,80.96,3025.84,Bank Transfer,Fiber,2,0,0,111.62,0,8,0
C00557,20,Female,53,Two year,107.29,4863.5,Cash,DSL,1,0,1,94.39,32,10,0
C00558,44,Female,64,Month-to-month,46.23,3281.31,Electronic,Fiber,2,1,1,113.61,51,6,0
C00559,21,Female,58,Month-to-month,149.31,8583.06,Card,Fiber,2,2,1,192.28,6,5,1
C00560,52,Male,62,Month-to-month,182.28,12753.61,Electronic,Fiber,1,2,2,70.69,24,6,1
C00561,30,Male,39,Two year,112.8,4918.0,Electronic,None,3,2,3,177.84,12,5,1
C00562,53,Female,4,Month-to-month,35.62,138.2,Bank Transfer,DSL,2,0,0,98.58,30,8,1
C00563,39,Male,36,Month-to-month,131.31,5341.37,Electronic,Fiber,4,1,2,105.43,0,5,1
C00564,34,Female,14,Month-to-month,78.36,951.73,Bank Transfer,Fiber,2,1,0,155.61,16,9,0
C00565,26,Female,65,Month-to-month,86.78,5915.59,Bank Transfer,Fiber,1,1,1,114.92,35,7,0
C00566,40,Male,18,Two year,131.93,2504.04,Card,Fiber,1,1,0,80.91,17,9,1
C00567,22,Female,17,Month-to-month,118.91,2227.73,Card,None,2,0,0,109.63,0,3,1
C00568,32,Male,18,Two year,92.92,1658.16,Bank Transfer,Fiber,0,0,0,32.29,37,4,1
C00569,44,Female,47,Month-to-month,87.26,3782.19,Electronic,DSL,1,0,1,150.97,0,9,0
C00570,54,Male,42,Month-to-month,114.4,4147.92,Bank Transfer,None,0,1,0,10.0,19,6,1
C00571,44,Male,69,Two year,95.67,6536.37,Electronic,Fiber,1,0,1,178.84,27,4,0
C00572,23,Male,30,Month-to-month,71.18,2105.37,Electronic,Fiber,2,1,0,163.84,20,7,0
C00573,59,Female,21,Month-to-month,98.36,1976.57,Electronic,Fiber,0,0,0,218.08,56,7,1
C00574,42,Female,4,Two year,121.89,507.5,Electronic,DSL,1,2,0,250.01,29,7,1
C00575,54,Female,1,Month-to-month,103.77,104.74,Electronic,Fiber,3,0,1,181.47,15,8,1
C00576,74,Female,27,Month-to-month,60.53,1445.75,Bank Transfer,Fiber,2,0,0,95.49,27,8,0
C00577,20,Female,67,Two year,144.62,8375.83,Card,Fiber,1,1,0,249.49,21,8,1
C00578,75,Female,38,Month-to-month,25.0,1061.34,Cash,Fiber,1,0,0,64.33,19,9,0
C00579,73,Male,65,Month-to-month,94.38,6580.2,Bank Transfer,Fiber,1,2,0,25.35,22,7,0
C00580,48,Female,8,Month-to-month,88.29,698.55,Bank Transfer,Fiber,3,0,0,231.89,11,7,0
C00581,19,Male,7,Month-to-month,115.19,805.35,Cash,DSL,0,1,0,163.09,21,8,1
C00582,32,Female,61,Month-to-month,129.66,6994.35,Bank Transfer,None,1,0,0,26.83,10,8,0
C00583,31,Female,8,One year,149.44,1110.68,Electronic,None,1,0,1,55.46,0,5,1
C00584,51,Male,4,Month-to-month,85.07,373.42,Electronic,Fiber,3,1,0,160.32,35,7,1
C00585,58,Female,30,One year,130.53,3476.95,Electronic,Fiber,0,0,1,82.15,10,8,1
C00586,46,Male,67,Month-to-month,116.85,6899.78,Electronic,Fiber,1,0,1,90.06,20,6,0
C00587,38,Female,50,Month-to-month,50.1,2548.49,Bank Transfer,Fiber,1,1,1,238.15,7,6,1
C00588,20,Female,8,Month-to-month,176.52,1556.32,Card,None,3,1,0,248.15,7,4,1
C00589,72,Male,61,One year,59.64,3506.28,Bank Transfer,DSL,0,2,0,138.07,2,2,0
C00590,75,Male,61,Month-to-month,124.68,7938.47,Electronic,Fiber,2,0,2,121.72,32,6,1
C00591,19,Female,58,Month-to-month,123.65,8036.83,Cash,DSL,2,1,1,179.64,36,7,1
C00592,36,Male,65,Two year,119.65,8689.92,Electronic,Fiber,4,0,1,99.11,18,5,0
C00593,75,Female,18,One year,92.69,1652.34,Electronic,DSL,4,0,1,10.0,10,9,0
C00594,41,Female,71,Month-to-month,138.95,9260.7,Cash,Fiber,1,1,1,10.0,0,5,0
C00595,54,Male,24,Two year,55.39,1358.56,Electronic,None,5,1,2,125.95,30,9,1
C00596,47,Male,58,Month-to-month,107.7,7041.28,Bank Transfer,None,5,1,2,178.5,8,8,1
C00597,54,Female,42,Month-to-month,90.26,3996.81,Electronic,Fiber,1,1,0,130.88,1,10,0
C00598,69,Female,57,Month-to-month,86.29,5590.46,Bank Transfer,DSL,1,0,2,174.55,18,8,0
C00599,40,Female,46,Month-to-month,125.01,5886.85,Card,Fiber,3,0,0,180.04,13,4,0
C00600,64,Male,47,Month-to-month,147.71,5945.29,Bank Transfer,DSL,5,0,3,206.23,0,9,0
C00601,44,Other,45,One year,97.99,4340.49,Card,Fiber,2,1,0,140.24,0,10,0
C00602,29,Male,57,Month-to-month,137.32,8774.44,Card,None,3,0,2,145.17,23,4,1
C00603,22,Male,54,One year,111.74,5190.03,Card,None,0,1,1,127.98,8,8,0
C00604,59,Male,10,Two year,78.75,815.42,Card,Fiber,3,0,1,115.79,26,9,0
C00605,52,Female,60,One year,100.97,5836.44,Card,Fiber,1,0,2,43.54,20,7,1
C00606,68,Male,39,One year,99.52,3768.99,Electronic,DSL,1,0,0,194.46,34,3,0
C00607,31,Male,24,One year,85.62,2096.46,Bank Transfer,Fiber,1,1,1,108.89,6,6,0
C00608,59,Female,38,Two year,125.0,4623.88,Electronic,Fiber,0,0,2,105.74,21,6,1
C00609,19,Female,70,Month-to-month,118.21,9317.87,Electronic,DSL,2,1,0,100.21,28,10,0
C00610,26,Male,62,Month-to-month,54.33,3169.92,Card,DSL,0,2,2,56.28,9,7,0
C00611,52,Female,61,Month-to-month,52.2,3431.66,Card,DSL,3,0,0,125.3,35,6,0
C00612,49,Male,34,Month-to-month,124.86,3725.84,Bank Transfer,Fiber,4,0,0,158.4,0,6,1
C00613,52,Male,57,Month-to-month,81.46,4410.65,Cash,Fiber,1,0,1,91.21,6,8,0
C00614,66,Male,28,One year,120.57,3029.49,Card,Fiber,2,0,0,187.07,0,7,0
C00615,66,Other,50,Month-to-month,137.33,6289.47,Cash,DSL,3,1,0,109.74,7,6,0
C00616,29,Female,47,Two year,65.52,3138.86,Card,Fiber,2,0,1,45.7,16,7,0
C00617,29,Male,18,Month-to-month,60.6,1039.04,Electronic,Fiber,1,0,1,205.55,30,6,1
C00618,49,Male,20,Month-to-month,168.61,2915.61,Card,None,2,2,0,140.92,16,2,1
C00619,73,Male,5,Month-to-month,122.3,678.19,Electronic,None,0,1,0,177.48,9,8,0
C00620,56,Female,11,Month-to-month,95.33,1103.77,Cash,Fiber,1,1,1,178.78,0,8,1
C00621,26,Female,32,Month-to-month,77.31,2811.85,Electronic,DSL,1,1,1,77.96,0,7,0
C00622,54,Male,35,Month-to-month,92.13,3515.37,Electronic,Fiber,3,0,1,101.29,23,6,1
C00623,37,Female,12,Month-to-month,68.33,834.56,Card,DSL,3,1,0,186.89,31,7,1
C00624,24,Male,31,Month-to-month,140.92,4316.57,Electronic,Fiber,3,0,1,230.94,12,8,0
C00625,59,Male,44,Month-to-month,82.81,4132.01,Electronic,Fiber,0,2,1,133.48,36,6,1
C00626,34,Male,17,Month-to-month,148.27,2463.17,Electronic,None,3,2,2,95.5,4,9,0
C00627,62,Male,25,Month-to-month,95.98,2431.77,Bank Transfer,DSL,1,1,2,222.53,12,4,1
C00628,50,Female,27,Month-to-month,73.48,1885.07,Electronic,Fiber,2,1,0,95.54,13,7,1
C00629,43,Female,37,Month-to-month,95.08,3286.42,Card,None,1,0,0,148.09,41,7,1
C00630,30,Female,27,Month-to-month,25.0,744.97,Card,Fiber,2,1,1,106.47,20,9,0
C00631,34,Male,54,Month-to-month,105.77,5278.25,Cash,Fiber,3,0,1,144.8,0,5,0
C00632,37,Male,24,One year,104.05,2230.45,Cash,Fiber,4,1,1,78.0,32,6,0
C00633,58,Male,32,Two year,138.87,4747.71,Cash,DSL,1,0,1,109.39,46,4,0
C00634,42,Male,28,Two year,43.98,1357.45,Electronic,DSL,2,0,0,95.5,14,6,0
C00635,19,Male,14,Month-to-month,150.67,2379.98,Card,Fiber,3,0,0,166.42,5,7,0
C00636,18,Male,50,Month-to-month,138.72,7283.58,Bank Transfer,DSL,1,1,1,138.98,31,4,1
C00637,33,Other,17,Month-to-month,153.82,2496.02,Electronic,DSL,1,0,1,178.41,47,6,1
C00638,47,Female,22,One year,108.15,2387.03,Electronic,Fiber,4,0,1,84.58,31,8,0
C00639,37,Male,58,One year,145.49,7644.01,Cash,Fiber,2,0,0,118.54,0,7,1
C00640,75,Female,69,Two year,58.51,3688.28,Electronic,Fiber,2,0,0,164.38,29,7,0
C00641,31,Male,49,Two year,134.96,7399.0,Electronic,DSL,3,0,0,177.23,24,4,1
C00642,41,Female,66,Month-to-month,83.01,6051.96,Electronic,DSL,3,1,2,50.48,4,7,0
C00643,41,Female,62,One year,52.2,3021.86,Electronic,Fiber,2,0,2,147.48,37,7,0
C00644,33,Male,35,One year,70.66,2384.21,Cash,Fiber,1,0,2,85.27,25,7,0
C00645,69,Other,56,Month-to-month,110.19,7020.18,Electronic,DSL,5,0,1,180.01,38,7,0
C00646,32,Male,24,Two year,81.15,1884.48,Electronic,Fiber,2,0,3,232.33,2,6,0
C00647,18,Male,34,Month-to-month,123.16,3970.75,Electronic,DSL,1,0,1,10.0,24,6,1
C00648,47,Female,39,Two year,46.71,1658.13,Card,Fiber,2,0,1,93.92,5,5,0
C00649,54,Female,70,One year,35.55,2419.67,Bank Transfer,Fiber,1,0,1,144.51,22,9,0
C00650,44,Male,62,Month-to-month,158.03,9397.21,Card,Fiber,2,1,0,129.79,40,5,1
C00651,42,Male,36,One year,141.63,5457.96,Card,None,1,2,0,181.68,0,7,0
C00652,67,Male,47,Month-to-month,73.27,3285.82,Card,Fiber,1,0,0,134.35,0,10,0
C00653,39,Male,15,One year,109.9,1627.81,Electronic,Fiber,3,0,0,100.86,32,9,1
C00654,55,Male,58,One year,145.68,7996.77,Electronic,Fiber,2,0,3,73.88,18,8,1
C00655,66,Male,40,One year,124.67,4716.65,Cash,DSL,2,1,0,64.63,36,7,1
C00656,41,Other,39,Two year,115.19,4157.05,Bank Transfer,DSL,0,1,1,89.15,6,7,0
C00657,49,Female,56,Month-to-month,148.33,8301.8,Electronic,DSL,2,2,0,98.92,19,5,1
C00658,40,Other,46,Month-to-month,84.43,3800.86,Bank Transfer,DSL,2,2,1,151.11,28,7,1
C00659,53,Male,6,Month-to-month,111.09,578.08,Bank Transfer,Fiber,2,0,2,121.38,21,8,1
C00660,49,Male,21,Month-to-month,109.38,2593.56,Bank Transfer,Fiber,1,0,1,94.2,0,8,0
C00661,67,Female,13,Month-to-month,100.45,1246.66,Bank Transfer,Fiber,2,0,1,74.49,60,8,1
C00662,32,Female,53,Month-to-month,96.36,5501.49,Cash,Fiber,1,1,1,91.36,21,9,1
C00663,27,Female,3,Month-to-month,112.55,378.87,Electronic,DSL,3,0,0,98.98,0,7,0
C00664,42,Male,15,Month-to-month,111.2,1423.56,Electronic,DSL,0,1,0,88.85,23,7,1
C00665,53,Female,44,Two year,73.31,2860.93,Cash,None,2,1,0,167.02,24,4,0
C00666,34,Female,51,Month-to-month,138.06,6387.53,Card,DSL,1,2,2,205.24,33,10,1
C00667,75,Male,37,Two year,75.83,3130.31,Card,DSL,1,1,1,65.32,32,6,1
C00668,47,Female,62,Month-to-month,102.36,6433.38,Electronic,None,5,1,1,191.56,15,8,1
C00669,65,Male,67,Month-to-month,99.67,6298.83,Electronic,Fiber,0,0,0,168.13,0,6,0
C00670,49,Male,10,Month-to-month,122.53,1057.75,Cash,Fiber,0,2,0,139.89,25,6,1
C00671,40,Other,69,Month-to-month,35.83,2127.84,Electronic,DSL,2,1,0,213.97,0,7,0
C00672,67,Female,45,Month-to-month,141.18,6500.92,Card,DSL,2,0,0,120.64,36,5,1
C00673,27,Male,46,Month-to-month,86.31,4211.97,Electronic,None,2,2,2,152.1,7,3,1
C00674,32,Male,7,Month-to-month,152.7,1032.2,Cash,DSL,1,0,1,136.8,28,9,1
C00675,62,Male,45,Month-to-month,93.26,3929.45,Electronic,None,2,0,0,132.71,8,8,0
C00676,70,Female,53,One year,108.29,6267.23,Cash,Fiber,0,0,2,155.24,11,5,1
C00677,34,Female,42,Month-to-month,176.98,8248.42,Electronic,DSL,0,0,0,132.55,6,8,1
C00678,49,Female,7,One year,100.29,677.51,Cash,Fiber,3,0,0,155.64,29,8,1
C00679,46,Female,38,Month-to-month,153.36,6261.59,Electronic,Fiber,3,1,0,93.16,9,6,1
C00680,60,Male,68,Two year,111.37,8412.28,Bank Transfer,Fiber,1,0,1,94.88,30,8,1
C00681,46,Female,53,One year,124.54,6364.11,Card,DSL,3,1,1,92.91,9,9,0
C00682,53,Male,10,Two year,112.45,1010.04,Electronic,Fiber,1,0,1,109.94,15,4,1
C00683,56,Female,70,Two year,139.67,9391.29,Electronic,Fiber,2,2,1,185.73,19,8,0
C00684,66,Female,70,Month-to-month,86.01,5229.74,Bank Transfer,DSL,1,0,3,104.58,20,8,1
C00685,26,Male,13,Month-to-month,75.56,845.4,Card,Fiber,4,0,3,165.89,4,10,0
C00686,56,Male,58,Month-to-month,87.65,5579.19,Electronic,Fiber,3,2,0,144.6,29,8,0
C00687,28,Male,30,One year,113.49,3765.01,Electronic,DSL,2,1,1,105.72,14,6,1
C00688,18,Male,43,One year,102.27,4592.03,Bank Transfer,None,2,0,0,202.01,26,6,1
C00689,59,Male,33,Month-to-month,134.86,4926.62,Card,DSL,1,2,0,170.49,18,10,0
C00690,40,Male,57,Two year,155.67,10032.1,Card,Fiber,1,1,1,130.1,27,6,1
C00691,59,Female,72,Month-to-month,75.85,5766.32,Card,DSL,4,1,1,125.54,12,8,0
C00692,72,Male,58,One year,84.31,5493.97,Electronic,None,2,1,1,135.15,6,7,0
C00693,25,Female,68,One year,59.73,4573.02,Electronic,Fiber,0,1,1,45.88,24,9,0
C00694,44,Male,69,Month-to-month,181.06,11648.03,Electronic,Fiber,0,0,1,84.63,11,9,0
C00695,23,Male,7,One year,120.66,958.66,Cash,Fiber,3,3,0,155.44,40,7,1
C00696,66,Male,19,One year,126.79,2758.75,Electronic,DSL,2,1,1,42.94,19,6,0
C00697,75,Other,52,Month-to-month,63.09,3064.05,Card,None,0,1,1,88.88,0,6,0
C00698,68,Male,43,Month-to-month,109.96,4909.03,Electronic,Fiber,2,1,2,108.41,9,4,1
C00699,75,Male,4,Month-to-month,127.82,468.38,Electronic,Fiber,0,0,1,289.7,3,7,1
C00700,37,Male,7,One year,101.15,685.51,Card,Fiber,2,0,2,167.06,34,7,0
C00701,34,Male,38,Month-to-month,147.65,5819.5,Card,DSL,3,0,0,190.35,30,6,1
C00702,67,Other,45,Two year,190.91,7398.96,Bank Transfer,None,3,0,2,85.72,17,4,0
C00703,55,Female,13,Two year,76.85,1042.97,Electronic,DSL,3,0,0,149.91,22,7,0
C00704,39,Male,13,Month-to-month,74.23,960.91,Bank Transfer,None,3,1,0,33.19,17,8,1
C00705,30,Male,10,Month-to-month,79.28,703.31,Cash,Fiber,0,0,1,111.82,31,8,1
C00706,19,Male,41,One year,166.22,7192.29,Cash,DSL,2,5,2,157.8,26,5,1
C00707,20,Female,1,One year,146.48,165.93,Electronic,None,1,2,1,52.03,28,8,1
C00708,58,Male,42,Month-to-month,105.26,3760.64,Card,DSL,1,3,0,151.62,15,7,1
C00709,33,Female,35,Month-to-month,111.28,3822.06,Cash,None,4,0,1,156.18,9,9,0
C00710,65,Male,34,Month-to-month,81.42,2457.83,Bank Transfer,Fiber,4,0,3,96.86,28,5,0
C00711,67,Male,49,Two year,141.15,6308.46,Electronic,Fiber,1,1,1,84.09,41,9,1
C00712,44,Female,38,Month-to-month,96.7,3665.48,Bank Transfer,Fiber,3,4,0,90.66,35,10,0
C00713,35,Female,53,Two year,100.9,5012.75,Bank Transfer,None,1,1,2,110.92,42,7,1
C00714,28,Female,56,Month-to-month,131.31,7682.28,Bank Transfer,Fiber,2,1,1,112.58,20,8,1
C00715,32,Female,67,Two year,103.42,6438.65,Electronic,DSL,2,1,5,158.03,3,8,0
C00716,53,Female,58,Month-to-month,101.78,6392.23,Card,Fiber,3,0,0,100.61,5,5,0
C00717,61,Female,38,Month-to-month,110.37,3795.8,Bank Transfer,DSL,0,1,0,218.12,39,6,1
C00718,60,Male,36,Two year,137.84,5568.39,Electronic,DSL,2,0,1,217.72,0,7,1
C00719,73,Female,17,Two year,167.63,2764.3,Bank Transfer,Fiber,0,1,1,142.99,41,10,1
C00720,55,Female,44,Month-to-month,130.49,4975.93,Electronic,Fiber,6,0,1,111.05,6,5,1
C00721,47,Female,11,Month-to-month,138.12,1336.84,Electronic,DSL,3,0,2,100.67,47,10,1
C00722,38,Female,68,Month-to-month,103.01,7073.58,Bank Transfer,None,5,1,1,147.42,17,7,1
C00723,37,Male,61,Month-to-month,85.23,5839.92,Electronic,Fiber,1,1,2,157.04,29,7,0
C00724,39,Female,9,Month-to-month,132.89,1201.51,Electronic,Fiber,5,1,0,118.94,54,9,0
C00725,69,Female,57,Two year,115.99,6512.8,Bank Transfer,None,2,1,0,108.38,13,10,0
C00726,49,Other,9,Month-to-month,60.21,586.22,Bank Transfer,Fiber,0,0,0,149.4,13,8,1
C00727,30,Male,52,One year,98.52,4703.03,Bank Transfer,Fiber,3,0,1,133.8,8,9,0
C00728,29,Other,7,Month-to-month,107.1,789.42,Electronic,None,4,1,4,98.53,3,5,1
C00729,19,Male,36,Month-to-month,92.13,3036.49,Card,DSL,1,0,3,136.22,13,6,0
C00730,67,Female,48,One year,161.86,8574.22,Electronic,Fiber,0,2,0,96.71,10,5,1
C00731,30,Female,53,Month-to-month,126.79,7488.88,Electronic,None,2,0,2,88.66,0,6,1
C00732,23,Female,31,One year,158.06,4450.93,Electronic,DSL,1,0,1,129.73,15,8,1
C00733,34,Female,67,Month-to-month,119.22,7133.62,Card,Fiber,0,0,1,98.39,25,7,0
C00734,46,Other,56,Two year,112.85,6742.94,Card,Fiber,3,2,0,89.69,5,10,0
C00735,73,Male,15,One year,77.22,1211.4,Electronic,None,1,0,0,187.51,16,10,1
C00736,67,Male,49,Two year,110.42,5607.92,Bank Transfer,DSL,0,0,0,108.43,39,7,0
C00737,27,Female,53,Month-to-month,110.46,5870.7,Cash,DSL,2,0,1,231.38,0,6,1
C00738,48,Male,25,Month-to-month,62.15,1380.87,Electronic,Fiber,2,0,1,164.47,47,9,1
C00739,65,Female,54,Month-to-month,91.12,5244.26,Bank Transfer,Fiber,2,1,2,84.86,8,9,0
C00740,62,Female,65,Month-to-month,98.69,5764.73,Card,DSL,1,1,0,193.79,21,8,0
C00741,45,Female,59,Month-to-month,124.47,7438.22,Card,Fiber,1,1,4,90.59,37,8,1
C00742,31,Female,55,Month-to-month,126.15,6618.84,Card,DSL,3,0,1,238.53,42,8,0
C00743,63,Male,46,Month-to-month,89.65,3915.79,Bank Transfer,Fiber,1,2,3,142.44,25,5,0
C00744,43,Female,20,Month-to-month,126.41,2780.22,Electronic,Fiber,0,0,0,159.84,8,5,1
C00745,31,Female,58,Month-to-month,103.63,5931.43,Card,Fiber,1,2,0,131.7,6,7,1
C00746,59,Female,27,Month-to-month,25.0,673.68,Electronic,DSL,0,0,0,144.62,9,7,0
C00747,69,Male,39,Month-to-month,93.04,4059.64,Electronic,Fiber,1,1,2,117.4,46,7,1
C00748,69,Male,23,One year,147.76,3458.18,Card,Fiber,2,0,1,79.08,12,7,1
C00749,72,Female,23,Month-to-month,51.14,1282.46,Electronic,DSL,3,1,1,148.68,23,4,0
C00750,55,Male,12,Month-to-month,113.94,1516.18,Bank Transfer,DSL,3,0,1,186.36,2,3,1
C00751,62,Female,70,Month-to-month,165.48,12262.18,Card,None,1,2,2,64.51,1,8,0
C00752,32,Male,11,One year,83.38,819.22,Electronic,Fiber,0,0,1,214.73,18,6,1
C00753,36,Female,7,Month-to-month,110.08,682.51,Bank Transfer,Fiber,1,0,1,163.06,13,7,1
C00754,26,Female,68,One year,64.36,4290.08,Electronic,None,2,0,2,105.97,14,6,1
C00755,22,Female,40,Two year,166.95,5803.0,Bank Transfer,Fiber,5,0,1,104.99,0,5,1
C00756,66,Female,32,Month-to-month,107.08,3221.8,Electronic,DSL,1,0,2,232.53,17,5,1
C00757,44,Other,54,Two year,111.63,5500.91,Electronic,Fiber,2,0,2,181.63,41,9,1
C00758,50,Female,28,One year,157.4,3797.23,Bank Transfer,None,1,0,2,192.7,5,7,1
C00759,23,Female,10,Month-to-month,133.15,1291.22,Cash,None,2,0,0,116.19,31,8,1
C00760,28,Male,53,Month-to-month,79.35,3889.12,Electronic,Fiber,3,2,0,160.55,0,8,0
C00761,22,Female,13,One year,87.35,999.89,Electronic,Fiber,3,1,3,149.22,6,8,0
C00762,46,Female,40,Two year,127.32,5444.77,Bank Transfer,Fiber,2,0,0,120.39,0,8,0
C00763,51,Male,69,Month-to-month,88.16,6835.63,Electronic,Fiber,3,1,1,136.01,37,7,0
C00764,25,Female,68,Month-to-month,35.9,2529.39,Bank Transfer,Fiber,1,0,0,191.05,31,9,0
C00765,59,Male,26,One year,108.14,3173.67,Electronic,Fiber,1,0,0,217.98,2,8,0
C00766,24,Female,57,Month-to-month,58.19,2985.07,Electronic,DSL,2,1,0,116.17,22,9,0
C00767,66,Female,45,One year,166.57,8098.49,Electronic,Fiber,1,0,0,57.78,36,5,1
C00768,71,Male,35,Month-to-month,116.19,3955.07,Electronic,Fiber,3,0,1,220.4,38,7,0
C00769,55,Male,11,One year,78.32,858.8,Bank Transfer,None,4,0,0,221.09,12,4,1
C00770,49,Other,28,Two year,85.55,2513.39,Card,Fiber,0,1,2,152.02,0,10,0
C00771,60,Male,47,One year,43.87,2237.34,Electronic,None,2,2,2,228.59,5,6,0
C00772,32,Female,72,One year,71.52,4469.36,Electronic,DSL,0,1,1,148.02,29,6,0
C00773,71,Female,1,One year,145.57,140.69,Electronic,Fiber,0,0,1,80.0,49,5,1
C00774,69,Female,52,Two year,188.11,10559.45,Card,DSL,0,0,0,57.83,17,7,1
C00775,58,Male,61,Two year,135.42,8347.47,Card,None,2,0,0,57.31,9,7,0
C00776,75,Male,69,Month-to-month,106.78,7017.8,Electronic,DSL,1,2,0,130.25,54,10,1
C00777,35,Female,31,One year,94.88,2535.89,Bank Transfer,Fiber,2,0,0,104.36,24,9,0
C00778,69,Male,9,Month-to-month,76.52,586.92,Card,Fiber,2,1,1,98.16,0,6,1
C00779,19,Female,20,Two year,182.09,3560.01,Cash,Fiber,0,0,0,124.12,16,4,1
C00780,61,Other,62,One year,103.39,6378.86,Card,Fiber,3,3,0,177.19,33,3,0
C00781,34,Female,64,Month-to-month,184.05,10822.08,Electronic,Fiber,1,0,0,99.91,17,5,1
C00782,73,Male,46,Month-to-month,158.77,7960.07,Electronic,None,3,0,1,90.65,30,5,1
C00783,50,Female,9,Month-to-month,49.07,471.26,Cash,DSL,2,1,0,103.54,0,8,0
C00784,29,Male,9,One year,86.69,707.24,Electronic,DSL,1,0,0,180.65,0,7,0
C00785,36,Female,35,Month-to-month,86.58,2746.77,Electronic,DSL,4,0,1,126.15,7,7,1
C00786,68,Male,43,Month-to-month,107.21,5114.4,Card,Fiber,2,2,1,145.39,14,5,1
C00787,64,Female,3,Two year,107.89,364.37,Card,Fiber,1,0,2,215.42,23,7,1
C00788,38,Female,50,One year,214.87,12305.15,Card,DSL,3,1,0,286.38,28,4,1
C00789,33,Male,40,Month-to-month,72.3,3053.59,Bank Transfer,Fiber,1,0,1,165.22,55,7,1
C00790,19,Male,1,Month-to-month,118.01,133.2,Electronic,Fiber,1,0,2,159.77,7,8,1
C00791,25,Female,7,Two year,131.58,823.92,Bank Transfer,Fiber,1,1,0,64.85,13,6,1
C00792,19,Female,33,One year,109.94,3253.44,Bank Transfer,Fiber,1,1,3,150.27,7,8,0
C00793,37,Male,53,One year,113.86,5204.42,Electronic,Fiber,4,0,1,133.41,34,3,1
C00794,28,Female,60,Month-to-month,73.43,4456.82,Electronic,Fiber,0,1,0,179.07,35,3,1
C00795,19,Male,32,Month-to-month,113.73,3334.96,Cash,None,0,0,2,108.45,11,8,1
C00796,63,Female,22,Month-to-month,127.9,2871.86,Electronic,DSL,2,1,1,141.04,49,9,1
C00797,68,Female,70,One year,121.47,7246.82,Card,None,3,0,0,163.29,7,7,0
C00798,70,Female,34,Month-to-month,129.96,4456.93,Electronic,None,4,1,0,234.42,33,10,1
C00799,66,Male,23,Month-to-month,159.44,4095.01,Card,DSL,5,0,1,216.01,40,4,1
C00800,25,Female,32,One year,142.79,4879.09,Bank Transfer,Fiber,2,0,1,199.63,0,6,1
C00801,27,Female,1,Two year,112.5,108.01,Bank Transfer,Fiber,3,1,1,169.99,27,7,1
C00802,67,Male,22,One year,68.99,1321.16,Electronic,Fiber,2,1,0,106.28,0,8,1
C00803,18,Female,38,Month-to-month,89.0,3123.4,Electronic,DSL,4,1,1,169.96,30,6,1
C00804,61,Male,67,Month-to-month,102.31,6861.87,Card,DSL,1,1,1,87.53,1,5,0
C00805,25,Female,54,Month-to-month,118.83,5949.84,Electronic,DSL,2,0,2,118.66,27,8,1
C00806,21,Female,57,Month-to-month,93.26,5756.5,Card,Fiber,2,0,3,227.81,29,7,0
C00807,63,Female,40,Month-to-month,77.25,3493.37,Card,Fiber,1,0,1,159.59,35,6,1
C00808,60,Male,8,Month-to-month,68.41,494.14,Bank Transfer,Fiber,6,2,2,142.49,31,8,1
C00809,22,Female,29,One year,52.21,1289.48,Electronic,Fiber,2,1,1,149.56,19,7,0
C00810,20,Female,72,Two year,101.78,6413.56,Electronic,None,2,2,0,124.84,12,7,0
C00811,69,Female,4,Two year,58.56,255.53,Bank Transfer,Fiber,1,1,2,11.43,17,7,1
C00812,33,Female,64,Month-to-month,74.98,4156.32,Card,None,5,1,1,60.46,1,6,0
C00813,74,Male,50,Month-to-month,96.21,5166.14,Electronic,DSL,4,0,3,163.95,15,5,0
C00814,48,Male,21,Month-to-month,63.24,1290.33,Cash,Fiber,1,1,0,79.37,14,6,0
C00815,74,Female,57,Month-to-month,123.29,6871.73,Card,Fiber,4,0,1,124.08,6,7,1
C00816,70,Female,61,Month-to-month,135.91,8864.33,Card,Fiber,2,0,0,62.49,0,4,1
C00817,53,Male,4,Month-to-month,90.77,343.48,Bank Transfer,DSL,3,0,3,90.47,0,9,1
C00818,24,Male,8,One year,94.7,828.2,Card,DSL,3,2,2,129.77,0,7,1
C00819,70,Male,48,Month-to-month,128.81,5430.48,Electronic,Fiber,2,3,2,180.81,13,5,0
C00820,38,Male,72,Two year,85.01,6522.24,Electronic,Fiber,0,0,0,191.84,23,10,0
C00821,32,Other,2,Month-to-month,82.6,185.22,Card,Fiber,3,0,1,89.59,0,7,0
C00822,51,Male,48,Month-to-month,151.88,6555.83,Card,Fiber,2,0,1,146.87,22,5,1
C00823,38,Male,10,Month-to-month,140.95,1432.66,Bank Transfer,DSL,1,1,1,51.6,16,10,1
C00824,60,Female,47,Month-to-month,131.05,6420.06,Card,DSL,2,1,1,133.1,0,9,0
C00825,33,Male,45,Month-to-month,142.4,5701.92,Electronic,Fiber,1,0,0,182.43,12,5,1
C00826,71,Male,7,Two year,40.8,289.27,Card,DSL,4,0,1,126.31,34,6,1
C00827,23,Female,50,Month-to-month,157.38,7284.44,Electronic,Fiber,1,2,1,202.36,3,6,1
C00828,45,Male,65,Month-to-month,123.72,8653.72,Bank Transfer,DSL,3,3,0,176.03,19,4,1
C00829,73,Male,63,One year,145.38,9345.67,Bank Transfer,DSL,3,2,1,143.27,23,8,1
C00830,66,Female,3,Month-to-month,123.55,360.71,Card,DSL,1,2,1,116.27,6,9,1
C00831,65,Female,18,One year,111.71,2157.13,Card,Fiber,2,1,1,100.61,33,8,1
C00832,53,Female,18,Month-to-month,100.36,1932.2,Electronic,DSL,2,2,0,49.81,24,7,1
C00833,51,Male,33,One year,122.85,3701.93,Card,DSL,0,0,0,58.77,14,9,1
C00834,29,Female,11,Month-to-month,99.09,934.86,Electronic,Fiber,3,0,2,184.72,53,5,1
C00835,35,Female,62,Month-to-month,140.38,8046.08,Card,Fiber,2,1,4,213.25,33,10,0
C00836,51,Male,56,One year,54.47,3400.67,Electronic,DSL,2,1,0,70.54,0,6,0
C00837,35,Male,59,Two year,91.04,5205.4,Card,Fiber,2,0,0,133.75,12,6,0
C00838,36,Female,15,Month-to-month,181.57,2479.61,Electronic,DSL,1,2,2,43.4,55,6,1
C00839,57,Male,2,One year,88.09,169.24,Electronic,Fiber,0,0,4,76.28,3,6,0
C00840,58,Female,66,Month-to-month,101.65,6473.47,Card,Fiber,2,0,2,144.29,19,7,1
C00841,46,Male,21,Month-to-month,79.11,1638.41,Bank Transfer,DSL,5,0,0,101.47,36,7,1
C00842,34,Male,48,Month-to-month,121.75,5756.61,Electronic,Fiber,4,0,1,24.61,28,7,0
C00843,28,Female,66,One year,84.23,5222.49,Card,Fiber,0,1,0,224.54,30,6,0
C00844,33,Female,3,Month-to-month,103.5,291.83,Bank Transfer,Fiber,2,0,0,127.3,29,7,1
C00845,37,Male,1,One year,139.71,152.27,Card,DSL,0,0,0,69.26,18,5,0
C00846,72,Female,1,Month-to-month,85.54,89.73,Card,Fiber,2,0,0,137.04,6,8,1
C00847,36,Female,12,Two year,137.6,1740.08,Electronic,DSL,1,1,2,125.55,25,8,1
C00848,70,Male,4,Two year,138.78,503.57,Electronic,DSL,1,0,0,153.2,12,7,1
C00849,49,Female,60,Month-to-month,146.92,10116.2,Electronic,Fiber,0,2,0,111.31,11,6,1
C00850,44,Female,44,Month-to-month,114.92,4429.83,Cash,Fiber,1,2,0,147.28,40,8,0
C00851,33,Male,71,Month-to-month,223.44,16733.25,Electronic,Fiber,0,1,2,181.9,12,5,1
C00852,62,Female,58,Two year,146.91,9142.93,Electronic,Fiber,1,3,1,57.5,44,7,1
C00853,66,Other,70,Month-to-month,121.37,7902.53,Electronic,None,0,1,0,91.87,22,7,1
C00854,74,Female,18,Month-to-month,79.34,1246.97,Bank Transfer,DSL,1,1,1,176.16,16,10,1
C00855,65,Male,21,Month-to-month,106.6,2398.1,Electronic,DSL,3,1,1,99.67,0,5,0
C00856,23,Female,62,One year,159.92,10110.15,Bank Transfer,DSL,4,0,1,125.51,50,2,0
C00857,69,Female,18,Month-to-month,169.83,3484.03,Electronic,Fiber,1,0,0,104.13,18,6,1
C00858,53,Male,5,Month-to-month,161.74,863.95,Bank Transfer,DSL,3,0,0,107.56,0,4,1
C00859,47,Female,49,Two year,137.48,7604.99,Bank Transfer,Fiber,1,1,2,102.89,33,6,1
C00860,32,Female,58,Month-to-month,66.05,3985.36,Electronic,DSL,3,1,0,60.77,17,5,1
C00861,47,Male,70,Two year,127.05,8888.24,Cash,None,1,2,0,155.26,4,5,1
C00862,64,Male,67,Month-to-month,66.55,5053.82,Cash,Fiber,1,0,0,188.43,32,5,0
C00863,52,Female,9,Month-to-month,57.94,571.32,Electronic,DSL,3,0,1,120.29,0,9,1
C00864,23,Other,56,Two year,118.37,5704.15,Card,Fiber,3,0,0,182.22,7,7,0
C00865,61,Male,61,One year,128.31,8022.04,Card,None,0,0,1,102.99,14,9,0
C00866,63,Male,51,One year,141.62,6462.9,Bank Transfer,Fiber,0,0,0,99.74,31,7,0
C00867,56,Male,60,Month-to-month,127.4,8671.3,Card,Fiber,4,0,0,152.59,52,9,0
C00868,29,Female,61,Month-to-month,128.61,8258.86,Card,None,2,0,1,153.51,14,6,0
C00869,35,Male,33,Month-to-month,75.54,2456.34,Electronic,Fiber,1,0,0,123.8,25,10,0
C00870,44,Female,3,Month-to-month,106.33,362.98,Bank Transfer,Fiber,0,1,1,167.21,59,8,1
C00871,68,Male,33,Month-to-month,57.25,1796.53,Electronic,DSL,0,0,2,59.22,18,6,1
C00872,65,Female,15,Month-to-month,39.88,588.21,Card,DSL,4,1,1,113.28,25,8,1
C00873,23,Female,9,Month-to-month,135.92,1186.26,Electronic,Fiber,1,0,2,183.06,0,7,1
C00874,21,Female,9,Month-to-month,83.64,669.63,Bank Transfer,Fiber,3,0,0,182.92,47,7,0
C00875,20,Male,51,Month-to-month,140.54,6414.59,Bank Transfer,Fiber,1,0,0,175.98,7,7,0
C00876,71,Female,37,Month-to-month,148.79,5655.62,Electronic,Fiber,3,1,1,186.14,22,8,1
C00877,68,Male,39,Two year,88.32,2999.79,Bank Transfer,None,2,0,2,109.51,22,3,1
C00878,30,Male,54,One year,130.66,7968.16,Bank Transfer,DSL,2,2,2,36.21,19,6,1
C00879,71,Female,40,Month-to-month,86.86,3294.73,Electronic,DSL,1,1,2,115.77,11,8,1
C00880,47,Female,46,One year,45.39,1975.98,Electronic,Fiber,5,2,2,164.98,22,7,0
C00881,36,Female,7,Two year,114.32,713.71,Electronic,None,1,0,1,173.97,44,5,1
C00882,60,Male,62,Month-to-month,93.52,5538.94,Electronic,Fiber,1,0,1,101.06,52,3,1
C00883,22,Female,33,Month-to-month,94.6,3300.71,Bank Transfer,None,4,1,2,76.76,15,10,0
C00884,25,Male,12,Month-to-month,179.14,2444.57,Electronic,None,2,1,0,82.23,11,7,0
C00885,32,Female,59,Month-to-month,56.6,3031.16,Card,None,2,1,1,100.1,6,10,0
C00886,53,Male,53,One year,123.4,5907.65,Electronic,Fiber,2,0,0,25.66,58,8,1
C00887,66,Female,4,Two year,75.18,268.16,Electronic,Fiber,3,1,0,101.01,20,6,1
C00888,47,Female,14,Month-to-month,141.79,2029.11,Card,DSL,3,1,1,132.63,35,2,0
C00889,43,Male,2,One year,120.45,213.21,Electronic,Fiber,1,3,2,124.62,28,6,1
C00890,51,Female,20,Month-to-month,123.28,2160.89,Bank Transfer,Fiber,6,0,1,111.84,51,7,1
C00891,18,Female,8,One year,76.93,660.47,Electronic,DSL,2,2,0,92.09,14,8,1
C00892,56,Female,52,One year,83.2,4707.17,Card,DSL,4,1,0,98.5,1,5,0
C00893,64,Female,38,Month-to-month,142.45,5112.1,Bank Transfer,Fiber,2,1,2,99.47,46,7,1
C00894,42,Male,71,Month-to-month,171.98,12508.84,Card,Fiber,3,1,1,168.8,32,7,1
C00895,55,Male,54,One year,126.81,7345.7,Card,DSL,1,1,1,129.95,25,9,0
C00896,35,Male,45,Two year,78.59,3058.02,Electronic,Fiber,1,1,0,304.18,41,6,0
C00897,72,Female,37,Month-to-month,121.86,4691.13,Bank Transfer,DSL,2,1,1,111.72,26,8,1
C00898,28,Male,4,Month-to-month,194.96,729.83,Card,DSL,3,0,0,154.08,42,8,1
C00899,25,Female,6,Month-to-month,113.58,662.93,Bank Transfer,None,3,0,0,112.95,22,9,1
C00900,72,Female,45,One year,161.16,6939.59,Electronic,DSL,3,1,0,111.61,32,6,0
C00901,47,Female,1,One year,84.09,89.6,Electronic,DSL,1,1,1,215.93,26,1,1
C00902,41,Male,4,One year,108.53,430.04,Electronic,None,2,1,1,184.87,13,7,1
C00903,65,Female,16,One year,131.68,2271.34,Electronic,Fiber,0,0,1,33.49,15,7,1
C00904,34,Male,64,Two year,123.91,7489.91,Electronic,DSL,1,0,1,73.76,12,5,1
C00905,35,Female,34,One year,83.18,2863.02,Electronic,Fiber,1,0,1,122.51,22,4,0
C00906,21,Male,52,Month-to-month,81.67,4765.19,Electronic,DSL,3,0,1,101.56,11,6,0
C00907,48,Male,30,One year,144.59,4257.12,Electronic,Fiber,2,0,1,47.04,25,7,1
C00908,61,Female,13,Month-to-month,151.7,2017.3,Electronic,Fiber,2,2,0,136.37,24,7,1
C00909,75,Male,27,Month-to-month,162.93,4623.99,Bank Transfer,DSL,0,1,0,26.7,21,3,1
C00910,48,Male,7,Two year,173.14,1361.87,Cash,Fiber,0,0,1,136.97,21,4,1
C00911,22,Male,56,One year,114.71,6686.21,Electronic,Fiber,3,0,0,170.15,10,9,0
C00912,29,Male,14,Two year,99.11,1434.3,Electronic,DSL,2,0,1,178.0,14,7,1
C00913,34,Female,28,Month-to-month,157.28,4844.62,Electronic,DSL,0,0,0,122.06,0,7,1
C00914,69,Male,71,Month-to-month,134.96,10995.79,Bank Transfer,DSL,1,2,0,213.09,16,5,1
C00915,51,Male,43,Month-to-month,75.61,3640.53,Cash,DSL,3,0,0,148.24,3,7,0
C00916,72,Female,34,Month-to-month,73.82,2227.51,Electronic,Fiber,3,0,0,176.52,19,6,0
C00917,66,Male,40,Month-to-month,127.22,5358.07,Electronic,None,4,1,1,89.51,7,6,0
C00918,69,Male,57,Month-to-month,103.8,5612.08,Electronic,Fiber,2,0,0,213.69,0,4,0
C00919,34,Male,19,Month-to-month,109.07,2019.25,Electronic,Fiber,2,0,1,129.84,52,5,1
C00920,50,Female,46,Two year,147.54,7082.71,Electronic,Fiber,4,0,0,216.72,15,10,1
C00921,21,Female,63,Month-to-month,136.57,7687.68,Card,DSL,2,1,0,204.7,40,6,1
C00922,39,Female,42,Month-to-month,156.55,6954.97,Electronic,Fiber,1,0,0,144.17,10,8,1
C00923,36,Female,33,One year,42.4,1312.4,Electronic,Fiber,0,2,0,152.31,43,7,0
C00924,27,Female,11,Month-to-month,118.87,1432.78,Bank Transfer,DSL,3,0,0,120.1,1,6,1
C00925,21,Female,18,Two year,134.31,2324.6,Bank Transfer,DSL,3,1,3,84.94,21,6,1
C00926,39,Female,69,One year,56.57,3376.31,Electronic,DSL,1,0,1,162.74,2,9,0
C00927,22,Female,39,Month-to-month,87.08,3496.71,Bank Transfer,Fiber,1,0,0,159.92,57,8,1
C00928,53,Female,22,One year,80.58,1905.67,Electronic,Fiber,3,0,2,40.97,14,6,1
C00929,34,Male,31,One year,110.76,3553.75,Electronic,DSL,4,4,1,125.45,30,6,1
C00930,31,Female,42,One year,166.97,7599.47,Electronic,None,3,2,1,177.74,25,9,1
C00931,24,Female,39,One year,180.79,7694.14,Electronic,Fiber,4,0,0,210.62,18,2,1
C00932,44,Male,51,One year,81.5,3585.72,Electronic,DSL,0,1,2,169.89,26,8,0
C00933,27,Male,19,One year,128.43,2075.49,Card,Fiber,1,0,5,46.55,38,8,1
C00934,51,Male,47,Month-to-month,129.56,5585.6,Bank Transfer,Fiber,0,0,0,72.01,28,6,0
C00935,75,Male,32,One year,123.57,3627.58,Electronic,Fiber,5,1,1,110.97,20,7,1
C00936,60,Female,68,Two year,123.96,8588.76,Electronic,DSL,0,0,0,206.93,26,8,1
C00937,24,Male,12,One year,120.63,1329.93,Electronic,DSL,1,1,0,96.61,47,5,1
C00938,23,Female,11,One year,169.06,1784.31,Electronic,Fiber,3,1,0,188.22,12,9,0
C00939,68,Male,34,Month-to-month,148.59,4981.7,Bank Transfer,DSL,0,0,2,95.73,0,8,1
C00940,68,Female,37,One year,72.89,2778.68,Electronic,Fiber,1,0,1,159.29,2,7,0
C00941,39,Male,50,Two year,137.85,7919.66,Card,Fiber,4,2,1,78.3,3,7,0
C00942,44,Male,30,Month-to-month,141.23,4476.6,Card,DSL,0,0,0,119.34,5,8,1
C00943,39,Male,66,Month-to-month,121.02,7426.35,Bank Transfer,Fiber,1,2,1,67.76,5,10,1
C00944,51,Male,35,Month-to-month,149.6,5001.63,Electronic,None,0,0,0,209.37,18,8,1
C00945,30,Male,10,Month-to-month,116.58,1006.22,Electronic,DSL,2,0,0,91.78,22,8,1
C00946,72,Female,9,One year,117.02,1027.72,Electronic,DSL,0,0,0,44.91,22,7,0
C00947,41,Female,71,Month-to-month,114.24,8328.19,Card,DSL,0,4,1,40.55,7,10,0
C00948,27,Female,10,Month-to-month,39.36,446.69,Card,DSL,1,1,0,125.3,33,4,1
C00949,35,Female,69,One year,107.19,6880.96,Card,Fiber,0,0,2,104.81,26,4,1
C00950,69,Female,21,One year,86.61,1678.88,Electronic,DSL,2,1,1,165.68,42,7,1
C00951,34,Male,7,One year,68.47,409.9,Electronic,Fiber,1,4,0,117.07,31,8,1
C00952,64,Female,22,One year,160.19,3603.13,Card,DSL,1,0,1,194.13,13,2,1
C00953,62,Female,45,One year,127.65,6598.63,Electronic,DSL,4,1,0,108.8,38,7,1
C00954,75,Female,31,One year,108.96,3247.01,Cash,Fiber,1,1,4,186.46,22,7,1
C00955,26,Female,57,One year,90.23,5139.9,Bank Transfer,Fiber,1,0,1,77.61,30,8,0
C00956,40,Male,44,Month-to-month,120.37,4594.21,Electronic,DSL,2,0,1,47.32,29,8,1
C00957,66,Male,29,One year,144.7,4285.8,Card,None,1,3,0,84.72,16,4,1
C00958,25,Female,46,Month-to-month,81.06,3404.28,Electronic,DSL,2,0,0,67.92,20,5,0
C00959,19,Female,70,Month-to-month,109.83,6570.6,Cash,Fiber,0,0,1,61.77,16,6,1
C00960,18,Female,30,Month-to-month,140.38,4443.75,Card,None,3,0,2,152.75,5,8,0
C00961,22,Male,12,Two year,42.24,453.31,Electronic,DSL,2,0,0,115.46,0,8,0
C00962,63,Female,30,One year,107.99,2851.92,Card,DSL,2,1,0,137.8,8,6,0
C00963,38,Other,61,Month-to-month,94.97,5321.02,Electronic,Fiber,2,0,2,159.02,21,7,1
C00964,25,Male,16,One year,105.32,1501.82,Electronic,Fiber,3,2,1,37.29,34,5,1
C00965,58,Female,69,Month-to-month,92.44,6613.68,Electronic,Fiber,0,0,0,161.35,30,10,0
C00966,35,Male,43,One year,114.82,4592.12,Electronic,DSL,3,2,0,63.71,14,8,1
C00967,26,Female,44,One year,177.33,8202.63,Electronic,Fiber,2,0,0,98.27,8,8,1
C00968,75,Male,23,One year,98.66,2300.54,Cash,DSL,1,1,0,25.93,15,9,1
C00969,51,Female,67,One year,120.21,7700.41,Card,None,1,0,1,166.0,3,9,0
C00970,43,Male,3,Month-to-month,179.82,489.84,Bank Transfer,DSL,2,0,3,37.1,0,7,1
C00971,71,Male,22,Month-to-month,90.75,2099.95,Electronic,Fiber,3,1,1,63.99,0,7,0
C00972,31,Male,31,Two year,173.51,5418.34,Bank Transfer,Fiber,0,2,1,67.98,39,9,1
C00973,52,Male,35,One year,110.19,4112.03,Card,DSL,5,1,1,122.92,46,7,1
C00974,61,Female,35,Month-to-month,172.37,6043.91,Card,Fiber,1,3,1,121.24,29,6,1
C00975,18,Male,11,Month-to-month,136.26,1634.65,Bank Transfer,Fiber,1,2,0,174.65,17,10,1
C00976,33,Male,17,Month-to-month,120.75,2083.36,Card,Fiber,6,1,1,124.25,0,5,1
C00977,23,Female,7,Month-to-month,107.7,824.79,Card,DSL,1,1,2,183.12,16,4,0
C00978,48,Male,42,Month-to-month,88.16,3757.89,Bank Transfer,DSL,0,0,3,150.86,27,9,1
C00979,57,Female,26,Month-to-month,112.65,3334.7,Electronic,Fiber,3,3,1,78.0,30,6,1
C00980,27,Male,41,Two year,141.41,6412.02,Electronic,DSL,2,0,0,93.3,28,8,1
C00981,26,Female,43,Month-to-month,109.54,4362.82,Cash,Fiber,1,0,0,213.08,36,10,0
C00982,44,Female,51,Month-to-month,98.92,5390.11,Bank Transfer,Fiber,2,0,0,197.51,47,5,0
C00983,41,Male,40,Month-to-month,101.22,3601.89,Card,None,1,1,1,175.32,12,7,1
C00984,24,Female,47,Month-to-month,144.74,7641.58,Bank Transfer,Fiber,3,0,1,182.55,60,10,1
C00985,57,Male,43,One year,152.88,6269.26,Bank Transfer,DSL,1,0,1,155.58,0,8,1
C00986,62,Male,47,Month-to-month,86.65,4044.96,Card,Fiber,3,0,2,148.43,6,7,1
C00987,42,Male,45,One year,86.6,3336.48,Electronic,Fiber,2,2,0,132.73,21,10,0
C00988,39,Female,23,One year,123.28,3148.09,Card,DSL,5,0,0,223.44,26,7,0
C00989,27,Female,18,Month-to-month,163.46,3337.81,Electronic,DSL,2,0,1,104.44,15,8,1
C00990,36,Male,57,One year,150.11,8480.53,Electronic,DSL,2,0,0,143.22,11,10,1
C00991,47,Female,25,Two year,66.19,1499.71,Cash,None,0,2,0,36.05,51,9,0
C00992,75,Male,40,Month-to-month,100.76,4264.61,Bank Transfer,DSL,2,1,0,51.31,10,9,1
C00993,28,Female,15,Month-to-month,77.43,1090.69,Bank Transfer,Fiber,4,0,0,229.83,3,5,0
C00994,66,Male,32,Two year,100.64,3664.8,Card,DSL,2,1,1,163.92,43,9,1
C00995,47,Male,39,Two year,166.15,6112.91,Electronic,DSL,4,0,1,118.3,31,7,1
C00996,50,Female,46,Month-to-month,60.21,2832.53,Card,DSL,2,2,1,134.31,34,6,0
C00997,35,Female,38,One year,53.34,1752.94,Card,Fiber,4,1,2,55.3,21,7,0
C00998,72,Female,26,Month-to-month,81.0,2415.48,Card,None,2,1,1,106.45,0,7,0
C00999,21,Female,70,One year,120.06,8595.92,Electronic,Fiber,2,1,0,49.8,19,10,1
C01000,30,Female,37,Month-to-month,131.73,5568.86,Bank Transfer,DSL,2,2,1,113.76,0,8,0
C01001,36,Female,59,Month-to-month,125.31,6951.33,Electronic,Fiber,2,1,0,167.42,22,6,0
C01002,51,Other,54,One year,151.15,8228.55,Electronic,DSL,6,1,3,154.93,28,5,1
C01003,42,Male,41,Two year,48.29,1693.9,Card,Fiber,2,0,0,217.4,34,7,0
C01004,71,Male,64,One year,151.59,10490.12,Cash,Fiber,2,1,2,146.21,17,5,1
C01005,28,Female,10,Month-to-month,99.08,891.64,Electronic,Fiber,2,1,1,10.0,29,6,1
C01006,51,Male,67,Month-to-month,135.6,8881.83,Electronic,DSL,1,0,0,237.29,4,7,1
C01007,46,Female,62,Two year,63.68,4149.57,Cash,Fiber,3,0,2,83.76,32,6,0
C01008,35,Male,37,Two year,110.17,3565.38,Cash,DSL,0,1,1,138.92,28,8,0
C01009,19,Female,53,Month-to-month,118.27,6801.64,Electronic,None,1,0,1,135.6,6,6,1
C01010,65,Male,38,One year,150.45,6241.63,Bank Transfer,None,2,0,4,143.25,26,3,1
C01011,29,Female,20,Month-to-month,54.52,1100.56,Cash,Fiber,0,1,1,132.64,34,4,1
C01012,26,Female,58,Month-to-month,111.08,6645.29,Electronic,Fiber,2,1,1,133.61,19,7,0
C01013,51,Male,18,Month-to-month,72.02,1138.5,Bank Transfer,None,1,1,0,57.31,6,6,1
C01014,26,Female,23,Month-to-month,127.69,2891.82,Electronic,None,3,0,0,272.28,21,5,1
C01015,55,Female,38,Month-to-month,137.2,5747.29,Bank Transfer,Fiber,2,0,1,165.83,26,10,1
C01016,60,Female,61,Two year,155.05,8292.81,Electronic,Fiber,0,0,0,132.85,6,8,1
C01017,31,Female,28,Month-to-month,91.27,2930.36,Card,Fiber,1,1,0,231.3,3,7,0
C01018,22,Female,36,Month-to-month,142.45,5106.64,Bank Transfer,Fiber,1,1,4,71.04,26,7,1
C01019,23,Male,3,Month-to-month,157.63,403.78,Electronic,DSL,2,0,0,177.76,30,7,0
C01020,20,Female,9,Month-to-month,52.49,449.69,Bank Transfer,Fiber,0,2,0,99.47,50,5,1
C01021,46,Male,5,Month-to-month,131.43,657.28,Electronic,DSL,1,1,0,152.13,28,9,1
C01022,39,Other,6,One year,143.55,979.88,Electronic,Fiber,2,0,0,153.34,0,9,0
C01023,63,Female,63,Month-to-month,100.94,6751.06,Cash,Fiber,3,2,1,10.0,49,3,1
C01024,41,Female,61,One year,67.62,4225.28,Cash,DSL,2,2,2,51.26,34,7,1
C01025,55,Female,60,Two year,143.0,9781.05,Bank Transfer,DSL,5,0,5,217.25,0,8,0
C01026,45,Male,5,Month-to-month,68.02,319.17,Bank Transfer,Fiber,1,0,1,116.13,3,6,1
C01027,42,Male,6,Two year,103.76,600.08,Electronic,Fiber,4,0,1,240.09,11,10,0
C01028,60,Male,21,Two year,108.6,2464.01,Card,Fiber,1,1,0,202.06,31,10,0
C01029,47,Male,41,One year,135.04,5693.74,Bank Transfer,None,1,1,0,117.88,0,6,0
C01030,50,Male,25,One year,88.07,2016.09,Bank Transfer,None,0,2,0,113.03,16,7,0
C01031,44,Female,36,One year,86.04,3330.72,Electronic,DSL,3,2,0,220.66,30,6,1
C01032,59,Female,13,One year,113.46,1372.0,Electronic,None,0,2,0,245.67,0,6,1
C01033,35,Female,53,One year,145.22,7832.81,Card,DSL,2,0,0,114.24,29,5,1
C01034,20,Female,23,Month-to-month,190.06,4838.58,Electronic,Fiber,1,1,2,214.6,31,8,1
C01035,42,Male,5,Two year,57.24,266.88,Bank Transfer,Fiber,1,0,0,186.65,5,10,0
C01036,36,Male,54,One year,121.04,7048.09,Electronic,None,2,0,1,196.14,1,10,1
C01037,70,Male,66,One year,71.97,5265.02,Card,DSL,1,0,0,135.56,5,8,1
C01038,74,Female,2,Month-to-month,145.66,275.34,Electronic,None,4,0,3,93.02,0,3,1
C01039,30,Female,32,Month-to-month,77.15,2244.12,Bank Transfer,DSL,1,0,1,72.01,13,4,1
C01040,42,Male,60,Month-to-month,86.39,5751.98,Cash,None,2,1,1,58.27,21,9,0
C01041,43,Female,51,Month-to-month,89.38,4512.21,Card,DSL,3,1,0,235.1,0,10,0
C01042,30,Female,62,Month-to-month,107.33,6278.04,Cash,DSL,1,1,2,130.6,33,8,0
C01043,18,Male,30,Month-to-month,121.31,3104.79,Electronic,None,4,0,0,67.04,20,6,0
C01044,75,Male,27,Month-to-month,126.93,3112.5,Electronic,Fiber,1,2,0,185.13,22,9,0
C01045,55,Male,52,Month-to-month,109.8,5731.27,Bank Transfer,DSL,0,0,1,103.66,12,8,0
C01046,41,Female,12,Month-to-month,63.45,836.59,Electronic,Fiber,2,1,1,94.2,29,9,1
C01047,28,Female,18,Two year,135.47,2440.19,Electronic,None,3,1,0,243.74,37,4,1
C01048,45,Female,44,Month-to-month,108.15,4439.34,Card,DSL,1,2,0,56.81,12,8,1
C01049,33,Male,49,Month-to-month,150.66,8332.79,Electronic,Fiber,3,1,1,142.93,29,10,0
C01050,30,Male,9,Month-to-month,85.23,736.97,Bank Transfer,Fiber,1,0,1,97.5,30,8,1
C01051,73,Male,37,Month-to-month,53.92,1793.28,Card,Fiber,1,1,1,88.72,24,9,0
C01052,56,Male,27,Month-to-month,108.81,3330.35,Electronic,Fiber,0,0,1,49.49,43,7,1
C01053,35,Female,37,One year,155.36,5569.66,Electronic,Fiber,1,0,1,133.28,7,7,1
C01054,30,Male,70,Two year,115.63,8051.59,Electronic,None,3,1,4,81.94,12,10,0
C01055,62,Male,6,Month-to-month,103.01,679.23,Bank Transfer,DSL,1,0,1,162.53,6,6,1
C01056,53,Female,72,One year,79.54,5362.06,Electronic,None,1,0,0,127.41,29,6,0
C01057,67,Male,33,Month-to-month,171.52,5708.99,Bank Transfer,Fiber,1,0,1,112.81,14,6,1
C01058,61,Female,56,Month-to-month,73.96,4597.12,Electronic,Fiber,1,2,2,82.23,8,7,1
C01059,41,Female,31,Month-to-month,84.61,2431.04,Electronic,None,2,0,3,208.69,43,4,1
C01060,55,Female,23,Month-to-month,129.95,3342.42,Card,DSL,1,1,1,170.46,45,8,1
C01061,40,Other,56,One year,45.04,2288.75,Electronic,Fiber,2,1,1,92.53,13,7,0
C01062,23,Female,50,One year,154.61,8552.43,Card,None,5,0,0,55.24,0,9,1
C01063,19,Female,11,One year,131.85,1403.96,Card,Fiber,1,1,0,26.16,46,3,1
C01064,22,Female,51,Month-to-month,141.47,7319.36,Electronic,Fiber,1,1,0,192.55,25,9,0
C01065,71,Female,55,One year,129.53,7234.24,Card,DSL,3,0,1,180.0,24,9,1
C01066,66,Male,28,Month-to-month,104.36,2663.42,Cash,DSL,0,0,0,187.56,20,8,0
C01067,40,Male,67,Month-to-month,72.79,4398.48,Electronic,DSL,4,2,1,123.38,6,7,1
C01068,70,Male,47,Month-to-month,105.1,5252.87,Card,Fiber,2,0,0,174.33,12,9,0
C01069,60,Female,25,One year,75.87,2081.83,Electronic,Fiber,1,1,1,186.5,28,9,1
C01070,25,Male,1,Two year,127.02,113.18,Bank Transfer,Fiber,1,1,3,126.16,11,8,1
C01071,31,Other,49,Month-to-month,138.24,7284.78,Electronic,Fiber,2,0,1,110.3,24,8,1
C01072,39,Female,16,One year,161.69,2452.68,Electronic,Fiber,3,1,1,76.3,18,10,1
C01073,64,Male,55,One year,123.01,6957.31,Electronic,DSL,1,0,0,153.44,2,8,0
C01074,55,Female,38,One year,142.36,5465.89,Card,None,2,2,0,160.76,42,6,1
C01075,40,Female,34,Month-to-month,99.6,3633.65,Electronic,None,1,0,2,107.64,27,9,1
C01076,66,Female,12,One year,93.26,1133.2,Bank Transfer,DSL,0,1,2,114.12,23,7,1
C01077,36,Female,52,One year,126.58,5779.23,Electronic,Fiber,1,1,0,118.05,26,7,1
C01078,70,Male,12,Two year,96.47,1081.0,Cash,DSL,1,0,2,173.52,0,7,1
C01079,59,Female,31,Month-to-month,119.42,3588.7,Cash,None,2,0,2,54.41,11,9,1
C01080,58,Female,61,Two year,72.86,4540.38,Bank Transfer,Fiber,2,1,1,69.21,0,10,0
C01081,23,Female,67,Month-to-month,79.14,4776.83,Bank Transfer,Fiber,1,2,3,70.28,20,7,1
C01082,26,Female,72,Two year,132.24,9056.88,Card,Fiber,1,0,0,121.83,23,10,0
C01083,75,Male,69,Month-to-month,141.03,8456.2,Bank Transfer,DSL,2,0,0,147.34,20,7,1
C01084,62,Female,41,Month-to-month,75.5,2930.8,Electronic,None,2,0,1,71.21,36,10,0
C01085,32,Male,15,Month-to-month,133.47,2009.4,Bank Transfer,Fiber,2,3,0,180.0,0,7,1
C01086,67,Male,61,Month-to-month,91.35,6302.26,Card,DSL,3,0,1,210.45,6,6,1
C01087,35,Female,58,Month-to-month,110.58,5793.46,Bank Transfer,DSL,0,0,0,152.76,24,10,0
C01088,38,Male,72,Month-to-month,159.59,9862.31,Card,None,2,1,0,191.75,22,6,1
C01089,35,Female,47,Month-to-month,138.26,6258.91,Card,Fiber,2,0,1,79.67,0,6,1
C01090,46,Female,11,Month-to-month,137.86,1565.36,Electronic,DSL,1,1,1,80.98,36,5,1
C01091,62,Male,37,One year,176.81,6753.12,Electronic,None,2,0,0,158.3,41,9,1
C01092,27,Female,33,Two year,85.36,2686.5,Electronic,None,2,1,1,127.89,24,10,0
C01093,74,Female,61,One year,75.49,3966.34,Bank Transfer,Fiber,3,0,1,80.87,0,8,0
C01094,35,Female,29,Month-to-month,84.73,2765.83,Electronic,Fiber,1,0,0,208.38,20,5,1
C01095,74,Male,24,Month-to-month,101.09,2427.52,Cash,None,1,0,1,146.43,23,7,1
C01096,68,Male,6,Two year,27.59,179.28,Bank Transfer,None,4,2,1,168.62,14,6,0
C01097,49,Male,61,Month-to-month,102.74,6073.3,Bank Transfer,Fiber,1,0,1,92.92,38,5,1
C01098,23,Female,55,Month-to-month,90.94,5499.02,Cash,Fiber,2,2,1,222.39,16,6,1
C01099,51,Female,3,Two year,137.43,447.51,Electronic,Fiber,3,2,0,121.42,50,8,1
C01100,62,Female,32,Two year,122.33,3439.41,Bank Transfer,DSL,0,0,2,186.05,30,6,0
C01101,74,Male,35,Month-to-month,88.98,2694.92,Electronic,Fiber,3,1,2,97.94,22,8,1
C01102,23,Female,34,One year,130.65,3974.98,Electronic,Fiber,2,2,1,139.28,32,4,1
C01103,61,Female,67,Month-to-month,135.31,9944.12,Electronic,DSL,3,2,1,160.68,41,10,1
C01104,34,Female,11,One year,83.1,850.91,Electronic,Fiber,2,0,2,239.75,31,6,0
C01105,61,Male,23,Month-to-month,92.74,2066.42,Electronic,None,5,0,1,105.82,17,9,1
C01106,51,Male,14,Month-to-month,32.11,460.14,Electronic,Fiber,3,0,2,141.14,8,7,1
C01107,68,Female,18,One year,71.83,1351.79,Cash,Fiber,4,0,1,162.55,1,8,0
C01108,18,Female,66,Month-to-month,84.01,5422.39,Electronic,None,1,1,2,52.18,0,5,0
C01109,47,Female,68,One year,112.6,7539.75,Cash,Fiber,4,1,1,10.41,21,6,1
C01110,57,Male,4,Month-to-month,76.91,291.78,Bank Transfer,Fiber,1,1,0,75.23,12,6,0
C01111,39,Male,46,Two year,92.03,3717.76,Bank Transfer,Fiber,6,1,0,183.19,13,7,1
C01112,36,Male,17,One year,67.11,1020.55,Bank Transfer,DSL,2,1,0,224.4,33,9,1
C01113,36,Male,14,Month-to-month,115.99,1813.79,Cash,DSL,4,1,0,79.24,16,8,1
C01114,61,Male,22,One year,124.9,3139.24,Electronic,None,2,1,1,63.08,46,5,1
C01115,30,Female,14,Month-to-month,124.08,1906.77,Card,None,0,0,0,214.41,9,7,1
C01116,74,Male,36,Month-to-month,110.43,3743.96,Electronic,Fiber,3,1,2,98.9,3,7,1
C01117,30,Female,72,Month-to-month,56.06,3646.99,Electronic,Fiber,0,2,1,109.55,0,6,0
C01118,42,Male,43,Two year,88.3,3807.44,Electronic,DSL,2,0,1,210.25,29,7,0
C01119,75,Male,53,One year,95.74,4457.31,Card,None,0,0,0,201.21,35,8,1
C01120,19,Male,36,Two year,95.88,3881.57,Cash,Fiber,0,2,0,181.37,9,6,0
C01121,37,Male,2,Two year,112.62,243.36,Electronic,Fiber,5,1,1,35.87,2,6,1
C01122,67,Female,7,Two year,159.89,1278.29,Cash,Fiber,1,1,1,60.78,41,9,1
C01123,36,Female,20,Month-to-month,138.42,3064.06,Electronic,None,4,0,0,191.63,0,8,1
C01124,33,Female,18,Two year,75.44,1320.72,Card,Fiber,3,1,1,147.48,33,9,1
C01125,18,Female,61,One year,133.74,7703.68,Electronic,DSL,4,1,0,87.22,9,10,0
C01126,26,Male,61,Month-to-month,132.41,8886.88,Cash,Fiber,1,1,2,111.05,24,5,1
C01127,29,Male,62,One year,81.79,5204.55,Card,DSL,2,1,0,191.1,34,8,0
C01128,68,Male,46,Month-to-month,139.71,7156.79,Electronic,Fiber,1,1,0,214.02,25,6,1
C01129,49,Male,41,Month-to-month,104.39,4055.42,Cash,DSL,2,1,2,129.67,14,5,1
C01130,31,Male,47,Month-to-month,60.65,2890.36,Electronic,Fiber,0,2,1,92.22,39,6,0
C01131,64,Female,30,Month-to-month,125.93,3735.28,Cash,Fiber,1,1,0,114.85,22,6,0
C01132,53,Female,49,Month-to-month,117.59,5214.53,Electronic,Fiber,0,0,2,203.87,73,6,1
C01133,36,Male,58,Two year,102.03,5990.73,Electronic,DSL,2,1,1,202.79,0,6,0
C01134,32,Male,55,One year,108.69,5230.79,Electronic,DSL,3,1,2,140.68,0,7,0
C01135,30,Female,45,Month-to-month,84.83,3674.28,Card,Fiber,0,1,1,100.88,33,10,1
C01136,59,Female,5,Month-to-month,131.35,663.36,Bank Transfer,Fiber,0,1,1,189.55,18,4,1
C01137,59,Female,53,Month-to-month,108.48,5137.5,Card,Fiber,3,0,0,219.26,30,9,1
C01138,55,Male,27,Month-to-month,115.83,3365.27,Electronic,Fiber,5,0,0,50.06,2,7,1
C01139,43,Male,54,One year,122.5,6001.41,Electronic,DSL,5,0,3,117.22,19,6,1
C01140,47,Female,39,Month-to-month,69.59,2900.07,Card,Fiber,2,1,1,193.58,25,3,1
C01141,70,Male,64,One year,78.7,4317.48,Electronic,DSL,1,1,0,134.05,10,8,0
C01142,50,Female,25,One year,32.65,862.55,Electronic,DSL,2,0,0,103.13,21,4,1
C01143,53,Male,68,One year,129.77,8560.47,Card,None,2,0,1,140.19,0,8,0
C01144,31,Female,61,Two year,67.57,4480.68,Card,DSL,1,1,0,150.39,24,10,0
C01145,44,Female,24,Month-to-month,114.64,2802.51,Card,Fiber,2,1,0,68.02,40,5,1
C01146,19,Male,35,Two year,122.98,4149.55,Electronic,Fiber,1,1,1,134.99,0,9,0
C01147,44,Male,39,One year,131.08,5363.43,Cash,Fiber,0,1,1,150.2,0,7,0
C01148,64,Male,56,One year,67.86,3672.34,Bank Transfer,Fiber,1,1,0,103.0,36,3,1
C01149,56,Female,50,One year,107.72,5153.62,Bank Transfer,Fiber,3,1,0,87.13,0,5,1
C01150,69,Female,62,Two year,168.46,10211.47,Bank Transfer,None,3,1,1,100.42,31,7,1
C01151,37,Male,27,Two year,170.0,4879.75,Card,Fiber,0,1,0,76.6,19,8,1
C01152,63,Male,37,Month-to-month,144.56,5533.01,Cash,DSL,6,0,1,176.78,12,4,1
C01153,60,Female,32,One year,121.81,4385.06,Electronic,Fiber,0,1,1,75.9,40,7,1
C01154,59,Female,66,One year,74.82,4198.03,Electronic,Fiber,0,0,1,140.4,32,8,0
C01155,64,Female,22,Month-to-month,135.15,2670.91,Bank Transfer,Fiber,3,3,1,109.42,22,9,1
C01156,45,Male,43,Two year,104.47,4484.12,Bank Transfer,Fiber,1,1,2,91.16,0,6,1
C01157,37,Male,9,Month-to-month,129.62,1225.94,Electronic,Fiber,2,0,0,205.42,29,8,1
C01158,51,Other,62,One year,87.85,4776.19,Bank Transfer,None,3,1,2,122.81,2,9,0
C01159,40,Female,28,Month-to-month,103.95,2730.83,Card,DSL,1,2,1,93.18,15,9,1
C01160,58,Male,25,Month-to-month,115.75,3317.75,Electronic,Fiber,1,0,3,87.92,18,9,1
C01161,68,Female,42,Two year,118.62,4724.43,Cash,Fiber,1,0,1,148.65,46,7,0
C01162,19,Female,36,Month-to-month,127.28,4417.3,Card,None,2,0,0,175.46,14,7,0
C01163,54,Male,62,Month-to-month,89.73,5127.19,Bank Transfer,Fiber,1,1,2,199.89,0,7,1
C01164,42,Female,39,Month-to-month,62.99,2100.81,Bank Transfer,Fiber,3,1,1,120.78,40,6,1
C01165,24,Female,38,Month-to-month,166.87,5932.72,Electronic,DSL,1,1,0,117.47,29,9,1
C01166,31,Male,8,One year,197.12,1416.64,Bank Transfer,DSL,3,0,1,137.2,29,4,1
C01167,65,Male,2,Two year,125.66,242.35,Electronic,Fiber,1,1,1,139.19,40,6,1
C01168,39,Female,29,Month-to-month,63.66,1697.96,Bank Transfer,DSL,2,2,1,87.54,44,7,1
C01169,23,Female,72,One year,82.94,5799.31,Bank Transfer,Fiber,1,2,1,210.43,5,8,0
C01170,61,Male,67,Month-to-month,127.82,7971.57,Bank Transfer,DSL,3,0,1,131.22,0,8,0
C01171,31,Female,46,One year,156.94,8119.3,Cash,Fiber,3,0,0,159.41,31,10,0
C01172,39,Male,46,Month-to-month,67.55,2912.78,Card,None,3,0,1,153.35,14,7,0
C01173,29,Male,29,Month-to-month,105.65,2777.59,Electronic,DSL,4,0,2,152.22,15,6,1
C01174,60,Other,13,Month-to-month,116.86,1638.57,Card,Fiber,7,0,0,74.77,1,7,1
C01175,71,Male,1,One year,140.26,153.38,Card,DSL,4,1,1,129.65,27,6,1
C01176,74,Female,25,Month-to-month,97.97,2495.65,Electronic,Fiber,2,0,1,255.44,24,8,0
C01177,22,Male,23,Month-to-month,55.27,1211.97,Electronic,None,1,3,2,217.29,16,5,1
C01178,71,Male,14,One year,131.74,2029.32,Card,Fiber,1,1,0,138.64,0,7,1
C01179,54,Male,19,One year,149.37,2982.62,Bank Transfer,Fiber,0,0,1,109.82,36,10,0
C01180,66,Female,2,Month-to-month,107.11,206.57,Card,DSL,2,2,2,10.0,22,7,1
C01181,22,Male,44,One year,124.18,5286.48,Bank Transfer,Fiber,0,1,1,102.65,35,5,1
C01182,67,Male,67,Two year,93.39,5323.31,Card,Fiber,1,0,1,125.69,0,6,0
C01183,37,Male,50,Month-to-month,80.4,3486.58,Cash,DSL,3,1,1,112.55,19,3,1
C01184,40,Female,33,One year,145.92,4287.96,Bank Transfer,DSL,0,1,0,116.38,7,7,1
C01185,69,Male,31,Month-to-month,123.56,3540.02,Electronic,Fiber,2,1,0,164.23,19,10,0
C01186,60,Male,23,One year,127.16,3298.59,Electronic,Fiber,0,1,0,74.98,32,5,0
C01187,47,Female,11,Month-to-month,162.57,1960.86,Cash,DSL,1,1,1,145.0,24,4,1
C01188,56,Female,44,One year,73.08,2772.55,Cash,None,0,1,0,123.94,18,6,0
C01189,38,Female,41,Month-to-month,90.68,3176.81,Electronic,DSL,2,0,0,81.47,18,9,0
C01190,75,Other,1,Month-to-month,115.53,118.51,Bank Transfer,DSL,1,1,0,222.08,0,10,0
C01191,22,Male,30,Two year,90.25,2607.14,Cash,DSL,2,0,0,171.13,4,8,1
C01192,51,Male,21,Month-to-month,137.41,3146.85,Electronic,Fiber,4,2,0,86.75,35,5,1
C01193,20,Male,13,Two year,103.44,1535.5,Card,Fiber,2,2,1,158.45,10,7,0
C01194,42,Female,51,Two year,75.26,3831.72,Bank Transfer,DSL,2,0,1,53.58,35,10,0
C01195,47,Female,38,Two year,112.3,3854.48,Electronic,Fiber,2,0,2,93.51,30,6,1
C01196,66,Female,46,Month-to-month,115.96,5962.79,Bank Transfer,Fiber,4,1,0,203.02,31,7,1
C01197,72,Female,52,One year,142.71,7247.92,Electronic,Fiber,2,0,0,149.33,23,7,1
C01198,61,Male,71,Month-to-month,123.76,8568.52,Card,DSL,3,1,1,144.92,11,4,0
C01199,73,Female,58,Month-to-month,126.14,7763.7,Electronic,DSL,0,1,1,184.28,16,9,1
C01200,25,Male,45,Two year,121.21,5241.6,Bank Transfer,None,2,5,0,163.62,28,9,0
C01201,48,Male,64,One year,103.41,6091.91,Electronic,Fiber,2,2,0,115.37,0,3,0
C01202,52,Male,35,Month-to-month,84.93,3188.17,Card,None,2,0,0,181.5,37,5,1
C01203,22,Male,71,Month-to-month,120.11,7724.04,Electronic,Fiber,2,0,0,37.11,10,5,1
C01204,52,Male,55,One year,98.34,4661.15,Electronic,DSL,4,1,0,93.29,17,8,0
C01205,20,Other,47,One year,169.14,7944.09,Bank Transfer,DSL,0,0,1,124.67,17,6,0
C01206,54,Other,66,Month-to-month,156.98,8911.85,Electronic,Fiber,1,0,2,160.13,17,8,0
C01207,30,Female,38,Two year,132.15,5459.98,Electronic,None,1,1,1,112.13,0,7,1
C01208,72,Female,52,Month-to-month,123.25,7326.69,Electronic,Fiber,1,1,2,31.88,20,7,1
C01209,36,Male,21,Month-to-month,106.92,2547.56,Card,Fiber,2,0,0,24.15,27,8,0
C01210,52,Male,70,One year,65.86,4124.66,Electronic,DSL,1,0,1,126.25,0,7,0
C01211,53,Male,45,Two year,102.43,5206.91,Card,DSL,0,2,1,103.72,0,7,0
C01212,68,Male,57,Month-to-month,113.55,5718.6,Bank Transfer,DSL,3,0,0,79.95,31,8,0
C01213,37,Female,34,Month-to-month,118.03,3837.77,Electronic,Fiber,2,0,2,70.75,29,7,1
C01214,38,Male,63,Month-to-month,126.43,6972.05,Electronic,Fiber,0,0,2,137.36,22,7,0
C01215,57,Female,6,Two year,142.25,936.1,Electronic,Fiber,0,1,1,201.62,8,6,1
C01216,21,Female,9,Month-to-month,85.77,707.99,Bank Transfer,DSL,2,1,0,137.36,29,10,0
C01217,50,Male,37,Month-to-month,86.09,3343.0,Electronic,DSL,0,0,1,202.36,0,6,1
C01218,39,Female,53,Two year,160.78,9192.88,Bank Transfer,DSL,0,0,1,109.43,16,9,1
C01219,74,Female,59,Month-to-month,136.98,7792.97,Cash,Fiber,4,0,0,154.39,0,6,1
C01220,48,Female,32,One year,96.32,3349.84,Electronic,DSL,2,0,0,204.36,16,8,0
C01221,62,Male,47,Month-to-month,106.25,4732.35,Electronic,None,2,0,2,121.32,3,10,0
C01222,66,Male,40,One year,106.41,3807.04,Bank Transfer,Fiber,3,0,0,131.43,29,6,1
C01223,26,Female,70,Month-to-month,111.11,7683.69,Cash,Fiber,1,1,0,109.4,24,6,0
C01224,54,Female,48,Month-to-month,126.54,6457.36,Electronic,None,0,0,0,162.59,9,6,1
C01225,57,Male,31,Month-to-month,198.72,5309.77,Card,Fiber,1,0,1,179.62,34,7,0
C01226,43,Female,70,One year,116.64,8915.04,Bank Transfer,DSL,3,3,0,149.32,4,8,0
C01227,29,Male,8,One year,133.19,987.42,Electronic,Fiber,3,1,0,117.38,17,7,1
C01228,44,Other,71,Month-to-month,50.97,3815.85,Card,Fiber,1,2,1,47.52,9,6,0
C01229,20,Male,12,Month-to-month,93.03,987.09,Card,DSL,1,0,0,127.34,29,10,1
C01230,75,Female,21,Two year,153.01,3106.62,Cash,Fiber,2,0,1,119.44,28,7,0
C01231,23,Male,60,Month-to-month,124.08,7366.8,Card,None,1,0,0,142.98,38,6,0
C01232,26,Female,53,Month-to-month,25.0,1312.46,Card,Fiber,3,1,0,136.42,19,8,0
C01233,25,Female,70,One year,133.59,8715.19,Card,Fiber,0,2,1,216.48,0,9,0
C01234,29,Male,54,Month-to-month,177.14,9649.13,Electronic,Fiber,1,0,1,91.7,12,10,0
C01235,28,Male,46,Month-to-month,40.14,1723.25,Card,DSL,3,1,1,43.36,41,10,0
C01236,54,Other,25,Month-to-month,163.18,3671.35,Electronic,Fiber,5,0,0,67.16,13,8,1
C01237,24,Other,1,Month-to-month,25.0,22.25,Card,Fiber,4,0,0,95.15,0,6,0
C01238,58,Female,9,Month-to-month,142.83,1437.69,Card,Fiber,1,2,0,189.51,25,4,0
C01239,41,Male,22,One year,109.7,2145.93,Bank Transfer,DSL,2,0,1,58.65,26,5,0
C01240,40,Male,3,One year,27.75,80.64,Bank Transfer,Fiber,3,1,1,65.99,7,7,0
C01241,47,Male,37,Month-to-month,125.61,4301.82,Electronic,None,2,0,0,152.76,14,5,1
C01242,19,Female,56,Two year,150.28,8708.63,Card,Fiber,1,1,0,176.71,5,4,1
C01243,47,Male,70,Month-to-month,122.74,8193.97,Electronic,Fiber,3,0,0,44.79,26,7,0
C01244,48,Male,36,One year,130.47,4395.79,Electronic,Fiber,2,1,1,32.54,19,8,1
C01245,61,Female,64,Month-to-month,95.59,6978.65,Electronic,Fiber,2,1,1,86.74,1,7,0
C01246,26,Female,71,One year,44.85,3659.0,Electronic,DSL,2,1,1,166.15,18,9,0
C01247,20,Female,62,Month-to-month,134.22,7404.22,Bank Transfer,None,2,2,1,137.88,7,8,0
C01248,21,Female,34,Month-to-month,171.24,6158.94,Cash,DSL,4,2,2,88.75,40,9,1
C01249,73,Female,24,Month-to-month,149.54,4008.57,Card,None,2,2,0,170.67,31,10,1
C01250,37,Male,71,Month-to-month,40.42,3275.54,Electronic,DSL,2,0,1,136.84,16,10,0
C01251,31,Female,18,Month-to-month,56.98,963.49,Electronic,Fiber,0,1,0,124.08,19,8,0
C01252,25,Other,30,One year,80.39,2617.53,Electronic,Fiber,0,1,1,41.21,33,6,1
C01253,32,Male,6,Two year,54.25,308.65,Bank Transfer,DSL,3,0,0,87.62,15,7,1
C01254,43,Male,58,Month-to-month,111.55,6705.71,Electronic,None,4,0,2,237.63,29,10,0
C01255,74,Male,47,Two year,123.77,5839.79,Bank Transfer,DSL,3,1,0,111.5,40,5,0
C01256,62,Male,7,One year,59.94,445.71,Electronic,DSL,1,1,1,77.38,11,10,0
C01257,67,Male,16,Two year,137.2,2466.98,Card,Fiber,4,0,0,108.98,43,7,1
C01258,20,Male,40,One year,131.04,4632.65,Card,DSL,3,1,0,136.55,38,7,0
C01259,51,Female,39,One year,90.81,3247.27,Electronic,DSL,0,1,1,178.58,22,6,0
C01260,46,Male,58,Month-to-month,103.96,6184.9,Card,None,2,0,0,164.16,11,5,0
C01261,29,Female,20,One year,41.76,799.37,Bank Transfer,DSL,4,0,0,92.79,22,6,0
C01262,46,Female,67,Two year,98.37,6705.24,Electronic,Fiber,1,2,0,199.94,14,9,1
C01263,51,Male,33,Month-to-month,110.26,3947.21,Electronic,DSL,1,1,2,174.81,6,6,1
C01264,18,Female,60,Month-to-month,115.91,7370.56,Card,Fiber,0,0,1,105.52,26,10,0
C01265,74,Female,18,Month-to-month,123.26,2396.14,Cash,Fiber,2,1,3,122.95,3,6,0
C01266,60,Female,3,Two year,118.55,319.5,Cash,DSL,2,1,0,163.04,13,5,1
C01267,71,Female,4,Month-to-month,100.75,346.21,Electronic,None,3,1,1,189.11,13,7,1
C01268,23,Female,27,One year,120.02,3601.82,Bank Transfer,DSL,4,0,1,46.47,0,8,0
C01269,21,Female,69,Two year,145.07,9864.33,Bank Transfer,Fiber,3,1,2,133.87,28,7,0
C01270,72,Female,4,Two year,106.66,444.0,Bank Transfer,Fiber,2,0,0,128.29,15,7,0
C01271,72,Male,27,Month-to-month,121.12,2851.17,Electronic,Fiber,2,0,2,98.62,37,10,1
C01272,55,Female,8,One year,103.48,879.46,Cash,DSL,1,0,3,98.33,14,7,1
C01273,29,Female,68,Two year,87.36,5230.78,Bank Transfer,DSL,1,1,1,187.99,12,6,1
C01274,34,Other,49,Month-to-month,128.3,6828.67,Card,DSL,0,0,1,159.41,4,5,1
C01275,64,Female,55,One year,90.57,4324.75,Electronic,Fiber,2,0,0,245.86,19,9,0
C01276,71,Male,52,Month-to-month,123.52,5619.68,Electronic,DSL,1,0,0,98.66,19,6,1
C01277,56,Male,48,One year,110.99,5077.03,Electronic,Fiber,4,0,2,137.54,29,6,0
C01278,41,Male,56,Month-to-month,99.36,5083.57,Bank Transfer,DSL,1,1,0,147.03,19,9,0
C01279,65,Male,1,Month-to-month,98.52,112.83,Bank Transfer,DSL,1,0,0,179.28,49,10,1
C01280,33,Female,63,Month-to-month,92.22,5724.75,Cash,Fiber,1,0,1,204.71,25,7,0
C01281,25,Female,54,Month-to-month,52.4,2802.99,Electronic,Fiber,1,0,0,135.15,3,7,0
C01282,40,Male,54,Month-to-month,123.4,5757.04,Cash,DSL,1,0,0,69.79,2,7,0
C01283,45,Other,29,One year,118.1,3416.17,Bank Transfer,Fiber,0,1,1,90.9,26,6,0
C01284,53,Female,58,Month-to-month,139.74,7044.6,Electronic,Fiber,2,1,0,137.85,3,6,1
C01285,57,Male,28,Month-to-month,91.4,2657.53,Electronic,None,2,2,0,191.75,27,6,1
C01286,59,Male,4,One year,176.34,807.25,Bank Transfer,Fiber,2,0,1,50.45,31,9,1
C01287,29,Female,66,One year,96.71,6056.48,Card,None,6,1,0,65.65,32,7,0
C01288,56,Female,17,Month-to-month,79.37,1474.0,Electronic,Fiber,2,0,0,171.64,5,9,1
C01289,20,Male,8,Two year,75.22,685.81,Bank Transfer,Fiber,0,1,0,58.85,32,7,0
C01290,71,Female,45,Month-to-month,49.31,2530.61,Electronic,Fiber,1,1,2,68.12,23,6,1
C01291,43,Male,17,Two year,163.64,2987.15,Card,DSL,2,0,1,192.51,9,9,1
C01292,73,Female,62,Month-to-month,157.99,10882.43,Cash,None,1,0,1,117.83,16,7,0
C01293,68,Male,32,One year,131.03,4005.99,Electronic,Fiber,2,0,0,113.62,25,7,1
C01294,29,Male,1,Two year,78.64,80.62,Electronic,None,4,3,3,205.26,8,7,1
C01295,24,Male,69,Two year,173.39,12548.85,Card,DSL,1,0,2,71.54,23,10,1
C01296,70,Female,38,One year,97.69,3397.46,Bank Transfer,None,0,0,1,60.48,40,8,0
C01297,46,Male,19,One year,100.58,1804.12,Electronic,DSL,3,0,2,219.61,32,9,1
C01298,24,Female,49,Month-to-month,160.3,7528.36,Card,DSL,4,1,0,142.83,19,7,1
C01299,53,Female,39,One year,133.06,4513.29,Card,None,2,0,0,167.38,22,9,0
C01300,73,Female,3,One year,187.04,553.8,Bank Transfer,DSL,3,1,1,112.89,10,7,1
C01301,52,Female,55,Two year,118.71,7083.77,Card,DSL,3,0,1,124.14,10,9,0
C01302,33,Female,29,Month-to-month,96.1,2912.25,Electronic,Fiber,4,2,0,91.29,0,9,0
C01303,37,Male,51,Month-to-month,88.59,4687.53,Electronic,Fiber,2,0,1,147.5,22,5,1
C01304,33,Male,65,One year,45.36,3041.76,Electronic,DSL,2,0,1,175.73,28,7,0
C01305,49,Female,44,Month-to-month,100.25,3779.13,Electronic,Fiber,3,0,1,140.78,17,9,1
C01306,42,Female,49,Month-to-month,150.06,6257.3,Electronic,Fiber,1,2,1,188.35,5,9,0
C01307,37,Other,19,Month-to-month,130.96,2241.23,Bank Transfer,None,2,0,0,166.43,19,9,1
C01308,28,Male,18,One year,110.71,2239.88,Bank Transfer,DSL,0,0,4,72.34,38,7,1
C01309,19,Male,30,Month-to-month,75.18,2496.94,Electronic,None,2,1,2,122.04,31,10,0
C01310,66,Female,62,Month-to-month,117.94,7480.78,Bank Transfer,Fiber,4,1,3,105.34,18,6,0
C01311,64,Female,38,Month-to-month,145.45,5337.03,Card,Fiber,0,0,0,171.44,49,4,1
C01312,25,Male,26,Two year,125.08,3704.25,Bank Transfer,Fiber,2,0,2,155.39,58,7,1
C01313,31,Female,57,One year,115.84,5742.95,Bank Transfer,None,2,0,1,137.01,11,9,0
C01314,43,Female,62,Month-to-month,82.11,4475.33,Electronic,Fiber,3,0,2,185.75,14,5,0
C01315,52,Male,65,Month-to-month,140.35,9454.04,Card,None,1,1,1,27.39,28,4,1
C01316,70,Female,22,One year,25.0,557.84,Electronic,Fiber,2,0,1,96.83,4,4,0
C01317,58,Female,52,Month-to-month,123.4,7343.3,Cash,Fiber,2,0,1,101.49,31,8,1
C01318,54,Male,43,One year,199.96,9378.74,Electronic,DSL,1,0,1,143.85,20,4,1
C01319,61,Male,33,Month-to-month,57.21,2136.01,Card,DSL,0,1,1,160.4,24,8,0
C01320,53,Female,29,Two year,101.55,3140.88,Electronic,DSL,0,1,0,129.93,9,6,1
C01321,71,Male,9,Month-to-month,109.72,1113.96,Electronic,Fiber,0,0,0,57.68,6,6,1
C01322,75,Male,20,One year,93.81,1981.34,Electronic,Fiber,3,1,1,152.37,0,5,0
C01323,44,Female,40,Month-to-month,146.27,5896.0,Bank Transfer,DSL,1,1,1,137.04,40,7,1
C01324,19,Female,64,Two year,126.54,8292.73,Electronic,Fiber,3,0,1,49.22,32,6,0
C01325,75,Male,63,Two year,115.33,8140.36,Electronic,Fiber,1,0,1,113.75,28,7,1
C01326,36,Female,14,One year,137.9,1701.69,Electronic,Fiber,2,1,1,150.57,23,8,1
C01327,33,Male,49,Month-to-month,110.59,5525.01,Electronic,Fiber,0,1,1,220.93,0,8,1
C01328,25,Male,7,Month-to-month,221.3,1499.0,Electronic,DSL,3,2,2,70.1,7,9,1
C01329,62,Male,49,One year,115.3,5925.74,Card,DSL,3,0,1,173.46,14,7,1
C01330,28,Female,25,One year,116.83,3011.82,Electronic,None,0,0,1,70.79,2,5,0
C01331,73,Female,33,Month-to-month,50.13,1604.59,Cash,DSL,1,2,1,60.12,0,8,0
C01332,30,Female,52,Month-to-month,90.98,4999.6,Card,DSL,1,0,1,63.36,3,8,0
C01333,22,Female,31,Month-to-month,150.16,4705.16,Electronic,DSL,1,0,0,163.28,19,7,1
C01334,54,Male,59,One year,63.26,3382.35,Bank Transfer,None,1,0,1,137.14,19,6,0
C01335,29,Male,39,One year,34.49,1400.64,Electronic,Fiber,1,1,0,112.69,32,10,0
C01336,33,Male,72,One year,111.13,6865.26,Bank Transfer,Fiber,2,0,1,155.18,49,5,1
C01337,24,Female,46,One year,157.98,7971.03,Electronic,Fiber,0,3,0,132.25,28,8,1
C01338,56,Female,22,Month-to-month,111.48,2751.72,Electronic,None,0,2,0,136.08,15,9,1
C01339,30,Female,56,Month-to-month,98.24,4804.64,Cash,Fiber,1,0,2,113.31,45,6,0
C01340,60,Male,30,Month-to-month,44.95,1250.19,Card,Fiber,3,1,1,73.48,0,7,0
C01341,33,Female,39,One year,125.83,4357.93,Bank Transfer,DSL,0,2,1,223.02,0,6,1
C01342,41,Female,10,Month-to-month,133.14,1440.02,Electronic,DSL,0,2,0,207.02,5,7,1
C01343,46,Female,9,Month-to-month,47.64,373.58,Card,Fiber,0,0,0,217.46,30,9,0
C01344,49,Male,42,Month-to-month,149.71,6365.31,Electronic,DSL,1,1,1,100.34,21,7,1
C01345,66,Male,14,Month-to-month,136.8,1850.96,Electronic,DSL,0,1,1,92.49,1,10,1
C01346,25,Female,72,One year,149.63,11584.25,Bank Transfer,Fiber,0,1,2,107.21,7,6,0
C01347,31,Female,62,Month-to-month,130.42,8423.76,Electronic,Fiber,1,0,0,189.08,0,9,1
C01348,61,Female,51,Month-to-month,132.88,6866.66,Card,Fiber,2,1,0,129.99,0,8,1
C01349,67,Male,53,One year,128.23,6803.07,Electronic,DSL,2,2,1,100.12,41,7,0
C01350,42,Female,43,Month-to-month,140.4,6535.15,Card,Fiber,1,0,1,150.01,16,10,0
C01351,18,Male,5,Month-to-month,46.34,230.13,Electronic,DSL,1,0,1,89.5,45,4,0
C01352,66,Female,29,Month-to-month,57.46,1626.33,Electronic,Fiber,4,1,0,55.45,5,8,0
C01353,53,Male,36,One year,84.24,2600.77,Card,Fiber,3,0,0,137.11,25,6,0
C01354,48,Female,66,Month-to-month,105.46,6476.86,Bank Transfer,DSL,1,1,1,101.62,21,6,0
C01355,40,Male,16,One year,123.58,1900.16,Cash,Fiber,1,1,2,129.25,31,6,1
C01356,58,Female,36,Two year,121.36,4472.33,Electronic,Fiber,2,0,1,10.0,22,5,1
C01357,34,Male,25,One year,149.1,3921.15,Card,None,0,0,0,80.94,33,4,1
C01358,38,Male,10,Month-to-month,150.2,1710.46,Electronic,None,0,2,2,127.52,26,8,1
C01359,62,Female,8,One year,79.47,593.14,Card,DSL,3,1,1,46.6,2,7,0
C01360,39,Male,27,Month-to-month,118.35,3238.03,Electronic,DSL,1,0,2,48.47,29,6,1
C01361,72,Female,6,Month-to-month,80.33,518.98,Electronic,DSL,3,1,2,132.13,16,8,1
C01362,43,Male,5,Month-to-month,103.41,487.67,Card,Fiber,2,0,0,168.59,6,8,1
C01363,50,Female,26,Month-to-month,121.26,3198.73,Electronic,Fiber,3,1,1,80.96,28,7,1
C01364,54,Female,15,Month-to-month,25.0,365.84,Electronic,DSL,2,0,0,115.58,32,10,0
C01365,58,Female,40,Month-to-month,194.39,7536.05,Bank Transfer,DSL,1,0,0,116.85,11,9,1
C01366,47,Male,2,Month-to-month,129.82,225.58,Bank Transfer,Fiber,1,2,1,44.07,13,10,1
C01367,39,Female,22,Month-to-month,89.15,1681.37,Card,None,1,0,1,195.11,0,6,1
C01368,64,Male,33,One year,177.46,5496.61,Electronic,Fiber,4,1,0,119.94,0,7,0
C01369,59,Male,70,Two year,97.84,7695.9,Electronic,Fiber,2,0,1,120.53,14,5,1
C01370,21,Female,46,Month-to-month,114.64,4787.32,Electronic,Fiber,4,0,1,150.51,30,6,0
C01371,54,Male,64,One year,92.95,5168.97,Bank Transfer,DSL,1,1,1,44.2,9,6,0
C01372,70,Male,25,Month-to-month,167.82,4346.8,Bank Transfer,Fiber,1,1,1,180.6,39,10,1
C01373,50,Female,33,Month-to-month,106.33,3991.41,Electronic,Fiber,3,0,1,187.78,15,6,1
C01374,71,Male,31,Month-to-month,115.23,3097.63,Electronic,DSL,1,2,0,137.73,15,7,1
C01375,40,Male,64,Month-to-month,152.13,10453.44,Electronic,DSL,0,1,1,155.42,14,4,1
C01376,32,Female,70,Month-to-month,130.48,8060.85,Bank Transfer,Fiber,4,1,1,112.07,33,8,1
C01377,46,Male,70,Month-to-month,108.1,6739.03,Electronic,DSL,4,0,3,177.48,4,5,1
C01378,23,Female,55,Month-to-month,148.86,9258.63,Bank Transfer,None,2,0,0,84.74,16,9,0
C01379,21,Male,37,Month-to-month,198.85,7801.45,Bank Transfer,DSL,1,0,1,128.22,10,4,0
C01380,51,Other,39,Month-to-month,121.11,4807.29,Electronic,DSL,0,0,0,131.5,10,7,1
C01381,19,Female,71,Month-to-month,114.09,7285.24,Bank Transfer,Fiber,1,0,0,127.87,19,4,0
C01382,21,Male,21,Month-to-month,115.97,2478.56,Bank Transfer,Fiber,4,1,0,188.8,16,6,1
C01383,44,Other,25,Month-to-month,155.87,3384.93,Card,Fiber,1,0,0,250.35,34,6,1
C01384,31,Male,65,Month-to-month,89.03,5603.55,Electronic,None,2,0,0,123.96,18,6,0
C01385,28,Female,28,Month-to-month,100.26,2979.43,Electronic,Fiber,1,1,1,155.87,26,6,1
C01386,47,Female,17,Month-to-month,56.19,974.8,Electronic,None,2,1,1,85.87,21,9,0
C01387,37,Male,41,Month-to-month,68.56,2958.87,Card,Fiber,2,0,0,186.76,39,10,0
C01388,53,Female,24,Two year,91.88,1950.92,Electronic,Fiber,4,1,1,101.54,13,8,1
C01389,42,Male,65,Month-to-month,108.04,7567.56,Bank Transfer,DSL,2,1,0,302.98,14,5,0
C01390,29,Female,66,Month-to-month,171.92,12899.76,Electronic,Fiber,4,2,2,38.11,29,7,1
C01391,58,Female,23,Month-to-month,128.76,3323.54,Card,Fiber,2,0,1,248.11,13,6,0
C01392,72,Male,39,Two year,78.08,2668.59,Cash,Fiber,1,0,1,184.52,25,9,1
C01393,60,Female,71,One year,84.52,5278.32,Card,DSL,0,0,2,68.28,53,8,1
C01394,28,Female,54,One year,158.12,8572.51,Electronic,DSL,2,2,1,257.57,3,4,1
C01395,50,Female,16,Two year,149.43,2408.16,Cash,None,2,3,0,78.94,41,9,1
C01396,26,Female,43,Month-to-month,110.99,5283.67,Card,Fiber,0,0,1,112.71,11,9,1
C01397,19,Male,45,Two year,94.51,4085.72,Card,DSL,1,0,1,58.69,38,10,1
C01398,27,Other,48,Month-to-month,149.37,7201.03,Electronic,Fiber,1,0,1,121.95,28,6,1
C01399,64,Female,2,One year,75.23,137.09,Card,DSL,2,0,1,127.1,27,8,1
C01400,71,Female,22,Month-to-month,123.72,3086.53,Bank Transfer,Fiber,4,0,1,175.65,16,5,1
C01401,52,Female,62,Month-to-month,189.54,10415.23,Card,None,1,0,0,264.11,14,7,0
C01402,68,Male,18,Two year,117.19,2365.08,Electronic,DSL,4,0,0,101.79,7,8,0
C01403,41,Male,22,Month-to-month,82.85,2036.42,Cash,Fiber,2,0,1,10.0,18,6,1
C01404,19,Female,24,Two year,124.36,2582.2,Card,Fiber,0,0,2,165.67,15,8,1
C01405,70,Male,13,Month-to-month,93.55,1316.63,Bank Transfer,Fiber,1,0,0,99.73,21,7,1
C01406,60,Female,12,One year,61.21,698.67,Electronic,Fiber,1,0,1,230.01,0,6,0
C01407,56,Male,25,Two year,134.54,3085.63,Card,DSL,1,2,2,128.1,18,10,1
C01408,22,Female,63,Month-to-month,149.12,9119.85,Cash,DSL,2,0,1,88.25,37,7,1
C01409,73,Female,1,Two year,99.12,111.72,Card,Fiber,5,0,2,74.29,32,7,1
C01410,22,Male,21,One year,96.8,1971.08,Electronic,Fiber,1,0,4,164.26,18,4,1
C01411,18,Female,5,One year,76.35,352.26,Bank Transfer,Fiber,0,0,1,114.86,56,8,1
C01412,22,Male,41,Month-to-month,104.75,4326.53,Electronic,Fiber,0,1,1,210.72,9,6,1
C01413,72,Male,19,Month-to-month,90.32,1669.5,Electronic,Fiber,1,0,1,118.42,17,9,0
C01414,66,Male,58,One year,74.61,3703.15,Electronic,Fiber,1,1,0,207.8,0,5,0
C01415,24,Male,43,Month-to-month,176.23,6864.57,Electronic,Fiber,3,0,0,54.09,12,8,0
C01416,42,Male,57,Month-to-month,126.33,6157.78,Electronic,Fiber,1,0,1,34.38,45,3,0
C01417,48,Male,46,Month-to-month,130.03,6021.38,Card,DSL,1,1,0,175.61,13,8,0
C01418,50,Male,32,Two year,140.92,4700.6,Bank Transfer,DSL,1,2,0,104.46,0,7,1
C01419,29,Male,62,Month-to-month,136.99,9049.45,Electronic,Fiber,1,1,0,115.5,31,8,0
C01420,19,Male,35,One year,95.54,3050.91,Card,Fiber,0,0,2,74.33,24,6,0
C01421,19,Female,69,Two year,119.54,9002.96,Card,DSL,0,0,0,70.3,30,5,0
C01422,70,Male,72,Month-to-month,100.58,7048.76,Cash,Fiber,0,1,0,164.96,14,6,1
C01423,54,Male,43,Month-to-month,125.35,4660.93,Bank Transfer,None,2,0,0,128.96,3,7,1
C01424,74,Male,49,One year,121.96,6742.78,Cash,DSL,0,1,0,71.69,15,8,1
C01425,67,Male,19,Month-to-month,96.61,1942.05,Bank Transfer,DSL,3,2,0,173.48,26,8,1
C01426,31,Male,59,One year,63.47,3815.28,Card,Fiber,1,2,0,194.62,17,5,0
C01427,23,Female,49,One year,115.12,4862.73,Electronic,Fiber,3,4,0,124.01,24,10,1
C01428,56,Female,65,One year,102.85,5710.52,Bank Transfer,Fiber,2,1,1,185.18,10,8,0
C01429,31,Female,20,Month-to-month,43.84,893.79,Bank Transfer,Fiber,1,1,1,74.9,24,6,1
C01430,57,Female,57,One year,127.77,8110.37,Electronic,DSL,0,1,1,161.75,18,8,0
C01431,74,Female,34,One year,143.79,5105.03,Electronic,None,3,0,4,138.9,7,7,0
C01432,74,Male,14,Month-to-month,198.49,2366.68,Card,None,1,1,2,86.46,20,7,1
C01433,32,Male,13,One year,96.31,1303.85,Electronic,Fiber,1,2,0,242.92,12,6,1
C01434,46,Female,41,Two year,91.15,3567.23,Cash,None,0,0,1,142.8,27,9,1
C01435,59,Female,24,One year,71.17,1514.41,Electronic,DSL,1,1,1,97.5,31,10,0
C01436,31,Female,8,Month-to-month,117.3,1026.13,Electronic,Fiber,1,1,1,131.08,26,3,1
C01437,50,Female,31,Month-to-month,117.08,3712.76,Electronic,None,0,0,1,82.17,0,9,1
C01438,38,Other,48,Month-to-month,81.6,4180.52,Card,None,4,0,1,66.37,4,7,0
C01439,51,Female,23,Month-to-month,103.88,2149.12,Bank Transfer,DSL,2,3,0,105.28,8,7,1
C01440,55,Female,69,Month-to-month,40.75,2487.74,Card,DSL,0,1,0,109.01,6,9,0
C01441,68,Other,57,Two year,142.42,8153.46,Electronic,DSL,1,2,0,85.77,10,2,1
C01442,45,Male,37,Month-to-month,83.03,3097.65,Cash,DSL,2,1,1,198.81,32,8,1
C01443,34,Male,68,One year,108.79,7579.62,Electronic,Fiber,2,0,0,87.88,28,9,0
C01444,22,Male,32,Month-to-month,60.07,2062.94,Electronic,Fiber,0,1,1,78.73,12,6,1
C01445,58,Male,11,Month-to-month,89.62,1034.18,Electronic,None,3,0,0,64.79,27,4,1
C01446,64,Female,3,Month-to-month,100.21,316.54,Electronic,Fiber,5,1,1,59.49,23,10,0
C01447,41,Other,68,Month-to-month,109.6,6726.44,Card,Fiber,1,1,2,186.51,18,4,0
C01448,68,Male,70,One year,126.79,8657.3,Card,Fiber,0,0,2,144.2,35,8,0
C01449,45,Male,54,Two year,160.37,8919.59,Electronic,Fiber,6,2,1,167.97,8,9,0
C01450,45,Female,8,Two year,135.64,1091.23,Bank Transfer,Fiber,1,0,1,186.01,19,8,0
C01451,20,Female,22,Month-to-month,143.68,2975.23,Electronic,Fiber,1,0,0,111.67,2,8,1
C01452,48,Female,3,One year,160.61,546.06,Electronic,None,1,3,1,210.97,3,7,1
C01453,52,Male,4,Month-to-month,129.94,463.66,Card,DSL,1,1,1,95.52,0,8,1
C01454,46,Male,18,Two year,108.72,2235.51,Card,None,3,1,0,69.74,3,6,1
C01455,49,Male,42,Month-to-month,145.32,6619.86,Cash,None,5,0,0,150.55,19,6,1
C01456,48,Male,5,Month-to-month,147.56,759.06,Electronic,Fiber,2,0,1,137.95,13,7,1
C01457,58,Male,71,Month-to-month,132.7,8368.73,Electronic,Fiber,0,2,0,137.86,14,4,1
C01458,23,Male,33,Month-to-month,59.09,1987.29,Cash,Fiber,1,0,0,185.84,14,8,0
C01459,48,Male,19,Month-to-month,80.55,1341.24,Card,None,1,1,1,135.84,45,3,1
C01460,43,Female,38,Two year,100.38,4308.71,Card,DSL,1,0,2,147.22,1,8,0
C01461,38,Male,57,One year,137.29,7322.03,Electronic,DSL,3,4,1,204.78,0,8,0
C01462,43,Female,23,Two year,109.25,2437.07,Electronic,None,2,0,0,144.67,5,6,0
C01463,57,Male,4,Month-to-month,149.79,623.75,Cash,Fiber,0,0,1,157.18,17,5,1
C01464,75,Female,4,One year,156.03,534.02,Cash,None,2,2,2,52.03,26,6,1
C01465,30,Male,62,Month-to-month,151.97,9540.75,Cash,DSL,0,0,2,334.55,27,8,0
C01466,20,Female,9,Month-to-month,152.19,1458.03,Bank Transfer,Fiber,7,0,2,42.5,32,8,1
C01467,38,Male,46,Month-to-month,73.71,3092.69,Card,None,2,0,0,100.34,16,5,1
C01468,36,Male,28,Month-to-month,126.89,3184.19,Card,DSL,2,1,1,98.67,12,7,1
C01469,22,Other,56,One year,88.74,4950.83,Electronic,Fiber,2,0,0,245.94,43,7,0
C01470,46,Male,5,Month-to-month,52.28,264.28,Bank Transfer,Fiber,5,2,2,96.97,0,7,1
C01471,48,Female,65,Month-to-month,99.94,6377.23,Bank Transfer,DSL,2,0,0,154.3,19,5,0
C01472,67,Female,51,One year,156.37,7485.67,Bank Transfer,DSL,2,0,0,99.05,24,7,1
C01473,58,Male,33,Month-to-month,126.13,4049.57,Electronic,Fiber,1,0,0,72.79,46,9,1
C01474,44,Male,15,Two year,180.62,2556.78,Electronic,Fiber,1,0,0,161.37,0,8,0
C01475,56,Female,71,Month-to-month,116.2,7630.8,Bank Transfer,Fiber,0,0,1,90.46,12,8,0
C01476,34,Female,22,One year,195.67,4268.8,Cash,DSL,1,0,1,141.42,0,10,1
C01477,27,Male,36,One year,116.21,4052.7,Electronic,DSL,3,0,2,164.47,0,7,1
C01478,49,Female,29,One year,110.79,3150.54,Electronic,DSL,3,0,2,234.87,15,5,1
C01479,46,Female,17,One year,65.22,942.53,Cash,Fiber,2,1,0,60.58,30,5,1
C01480,35,Female,30,Two year,148.87,4724.28,Card,Fiber,3,0,0,121.6,36,7,0
C01481,70,Female,11,One year,92.43,878.48,Card,Fiber,4,1,1,123.87,10,4,1
C01482,49,Male,1,Month-to-month,87.35,79.67,Cash,None,2,0,1,130.05,28,6,1
C01483,50,Female,21,Month-to-month,154.84,3547.73,Card,DSL,1,1,1,271.28,15,8,1
C01484,58,Other,9,One year,150.54,1551.62,Card,Fiber,2,0,1,120.47,26,9,1
C01485,34,Female,30,Month-to-month,149.62,5150.48,Bank Transfer,Fiber,0,2,0,10.0,35,4,1
C01486,48,Male,63,Month-to-month,97.32,6301.02,Card,Fiber,1,0,1,119.09,15,7,0
C01487,70,Female,12,Month-to-month,108.22,1204.86,Electronic,DSL,2,0,0,123.49,34,7,0
C01488,53,Male,1,Month-to-month,107.91,118.74,Electronic,Fiber,3,1,2,116.74,0,7,1
C01489,67,Male,8,Month-to-month,137.39,1148.67,Bank Transfer,DSL,1,0,1,90.47,28,7,1
C01490,20,Male,37,One year,164.37,6968.96,Electronic,Fiber,2,1,0,57.33,34,7,1
C01491,59,Male,20,One year,122.89,2493.91,Cash,Fiber,2,0,1,248.77,32,10,1
C01492,56,Female,36,One year,179.12,6498.99,Electronic,DSL,3,0,1,147.51,0,9,1
C01493,70,Male,3,Month-to-month,141.4,366.15,Card,Fiber,0,0,2,119.43,15,10,1
C01494,74,Female,24,Month-to-month,101.78,2218.82,Electronic,Fiber,1,1,2,247.02,23,7,0
C01495,26,Female,30,One year,139.0,4378.97,Electronic,Fiber,3,1,1,82.22,25,6,1
C01496,46,Female,32,Month-to-month,169.71,6235.11,Electronic,DSL,2,0,0,163.13,20,5,1
C01497,72,Male,40,One year,179.94,7144.97,Bank Transfer,DSL,3,0,0,61.3,39,6,1
C01498,64,Other,57,Month-to-month,151.54,7417.57,Electronic,Fiber,2,0,0,171.29,0,8,1
C01499,23,Male,34,Two year,110.9,3656.91,Electronic,DSL,4,0,1,67.6,14,9,0
C01500,49,Female,61,Month-to-month,102.42,5546.99,Bank Transfer,Fiber,2,1,1,155.88,0,8,0
C01501,38,Male,39,One year,130.16,5776.44,Card,DSL,0,1,0,237.43,27,6,1
C01502,58,Female,19,One year,168.59,2858.51,Bank Transfer,DSL,0,1,0,135.14,26,6,1
C01503,47,Male,17,Month-to-month,125.18,1884.12,Bank Transfer,Fiber,2,1,0,10.0,68,10,1
C01504,35,Female,24,One year,125.91,2983.52,Card,None,5,4,3,131.97,33,6,1
C01505,42,Other,44,Month-to-month,111.8,4981.01,Electronic,Fiber,5,1,0,156.42,23,10,1
C01506,74,Female,18,One year,98.52,1889.04,Electronic,Fiber,1,1,0,179.55,22,8,1
C01507,39,Female,66,One year,104.33,6612.77,Electronic,DSL,0,0,0,211.05,13,6,0
C01508,30,Female,35,Month-to-month,114.74,4494.17,Electronic,DSL,0,1,1,213.85,20,5,1
C01509,24,Female,63,Month-to-month,170.13,11035.47,Card,Fiber,1,1,0,122.8,22,6,0
C01510,27,Male,50,One year,101.61,4390.48,Bank Transfer,Fiber,4,2,1,93.73,0,8,0
C01511,21,Female,25,Month-to-month,111.84,2405.29,Card,None,2,0,1,68.48,21,5,1
C01512,20,Male,17,Two year,79.71,1342.41,Electronic,None,1,0,1,100.3,20,10,1
C01513,48,Male,54,One year,135.08,7161.88,Bank Transfer,DSL,1,0,2,156.21,44,7,1
C01514,49,Male,24,One year,157.83,3733.89,Electronic,Fiber,1,0,2,55.82,16,8,1
C01515,64,Other,18,Month-to-month,166.86,2604.45,Electronic,DSL,1,1,2,79.02,7,8,0
C01516,53,Male,67,One year,117.12,6795.26,Electronic,Fiber,1,0,0,160.93,22,10,0
C01517,29,Female,35,Two year,130.1,3953.56,Bank Transfer,Fiber,5,0,0,94.44,19,6,1
C01518,55,Female,4,Month-to-month,104.63,447.87,Card,Fiber,2,1,2,150.35,16,7,1
C01519,43,Female,36,Month-to-month,128.48,4766.08,Card,None,0,0,0,85.21,0,4,1
C01520,27,Male,34,Month-to-month,120.99,3664.98,Bank Transfer,Fiber,1,0,2,145.83,16,7,0
C01521,55,Female,63,Month-to-month,112.04,6912.34,Card,Fiber,1,0,1,87.55,9,9,0
C01522,55,Female,52,One year,114.82,6764.11,Electronic,Fiber,0,1,1,25.39,15,7,1
C01523,42,Female,14,Month-to-month,125.82,1533.76,Card,DSL,3,1,1,182.58,29,10,1
C01524,27,Female,11,One year,99.7,994.47,Electronic,DSL,3,2,0,91.73,8,8,1
C01525,19,Male,44,Month-to-month,101.51,4318.64,Electronic,Fiber,3,0,2,116.33,15,6,1
C01526,61,Male,4,Month-to-month,169.76,625.23,Card,DSL,0,0,0,91.99,26,8,1
C01527,27,Female,23,Month-to-month,204.87,4229.29,Electronic,Fiber,4,1,2,159.95,14,4,1
C01528,33,Female,10,Two year,67.85,774.81,Bank Transfer,Fiber,4,1,0,148.32,57,6,1
C01529,57,Female,2,One year,65.92,142.37,Electronic,Fiber,2,0,1,159.82,22,5,1
C01530,42,Female,67,Month-to-month,76.5,5477.86,Electronic,Fiber,1,0,1,99.78,0,7,0
C01531,65,Male,7,One year,106.38,841.28,Card,None,0,0,0,127.26,5,7,0
C01532,39,Female,1,Month-to-month,141.35,128.08,Card,DSL,3,0,1,152.94,4,9,1
C01533,69,Male,68,Month-to-month,130.69,9926.26,Electronic,Fiber,5,0,1,214.99,6,7,0
C01534,39,Other,14,Month-to-month,116.02,1859.5,Bank Transfer,None,2,1,0,146.86,26,5,0
C01535,22,Male,59,Two year,128.51,7778.59,Electronic,DSL,2,1,0,74.82,1,10,0
C01536,59,Female,3,One year,85.78,288.46,Electronic,Fiber,1,0,0,144.73,13,2,1
C01537,56,Male,12,One year,101.46,1332.93,Electronic,None,2,0,0,120.93,35,7,1
C01538,75,Female,8,Month-to-month,109.3,826.6,Cash,DSL,4,2,2,20.07,10,7,1
C01539,23,Male,51,Month-to-month,54.55,2642.24,Electronic,DSL,1,1,1,28.52,28,7,0
C01540,48,Female,45,One year,69.35,3285.55,Electronic,Fiber,2,2,1,126.34,0,8,1
C01541,59,Female,35,Month-to-month,70.75,2514.81,Electronic,Fiber,3,0,0,130.98,12,7,0
C01542,41,Female,18,Two year,136.74,2376.43,Card,None,3,0,0,113.79,5,8,0
C01543,33,Female,7,One year,118.59,717.31,Electronic,DSL,1,0,0,178.63,22,6,1
C01544,35,Male,41,Month-to-month,131.39,4615.93,Electronic,DSL,2,1,1,78.57,2,4,1
C01545,18,Other,17,One year,45.61,681.89,Bank Transfer,DSL,0,0,0,53.76,49,7,1
C01546,54,Male,43,Two year,58.08,2425.42,Bank Transfer,None,4,0,1,84.59,0,5,0
C01547,63,Female,50,Month-to-month,133.21,5716.3,Electronic,Fiber,1,1,1,96.46,35,6,1
C01548,44,Male,62,One year,25.0,1386.4,Electronic,Fiber,3,1,2,126.8,31,9,0
C01549,20,Female,36,Two year,152.86,6275.78,Electronic,Fiber,3,0,1,86.13,23,10,0
C01550,62,Male,1,Month-to-month,46.18,45.5,Cash,Fiber,0,0,0,12.21,19,9,0
C01551,70,Male,21,Two year,139.52,3310.67,Card,Fiber,1,0,2,10.0,46,9,0
C01552,53,Male,62,Month-to-month,78.9,4436.78,Electronic,Fiber,1,0,0,136.77,55,7,0
C01553,23,Female,39,One year,146.71,5478.91,Card,Fiber,3,0,0,67.9,15,9,0
C01554,41,Male,45,One year,222.29,10516.63,Electronic,DSL,0,0,2,19.71,20,8,1
C01555,51,Female,33,One year,30.44,1152.1,Electronic,Fiber,3,0,1,164.37,10,10,0
C01556,73,Female,12,Month-to-month,134.34,1708.71,Cash,Fiber,1,1,3,214.98,0,5,1
C01557,46,Female,65,One year,46.71,3402.81,Electronic,DSL,1,0,0,124.8,25,8,0
C01558,18,Male,56,Month-to-month,124.94,6050.1,Electronic,Fiber,3,0,0,144.76,22,5,1
C01559,58,Female,72,Month-to-month,102.76,6963.49,Card,DSL,3,4,2,145.23,0,8,0
C01560,57,Male,62,Month-to-month,114.54,7917.16,Card,DSL,1,1,0,10.0,25,4,1
C01561,31,Female,21,One year,78.09,1651.33,Electronic,Fiber,1,1,0,178.88,22,5,1
C01562,41,Male,19,Month-to-month,137.32,2350.66,Card,Fiber,2,0,1,198.19,9,5,1
C01563,20,Male,18,Month-to-month,59.31,961.79,Bank Transfer,Fiber,0,3,0,231.02,8,7,1
C01564,25,Male,67,Two year,153.46,11079.46,Bank Transfer,DSL,4,0,1,105.93,24,8,0
C01565,36,Female,41,Month-to-month,95.68,3520.21,Electronic,None,2,0,1,67.57,42,10,0
C01566,23,Female,33,Month-to-month,60.91,2008.49,Electronic,Fiber,1,0,0,204.72,24,7,0
C01567,34,Male,70,Month-to-month,165.82,10497.76,Cash,Fiber,2,0,1,157.44,30,8,0
C01568,55,Female,44,Month-to-month,107.64,4321.8,Card,DSL,1,0,0,178.11,6,7,1
C01569,40,Male,66,One year,176.77,11307.13,Card,DSL,4,1,1,94.41,12,8,1
C01570,26,Male,71,Month-to-month,152.75,9602.5,Bank Transfer,Fiber,1,2,0,144.94,27,7,1
C01571,54,Female,6,Month-to-month,82.06,515.93,Electronic,DSL,2,0,2,72.06,0,9,1
C01572,67,Female,27,Two year,107.03,2600.24,Cash,None,0,0,2,129.71,21,5,1
C01573,52,Female,53,One year,114.24,6512.27,Card,Fiber,0,0,1,110.87,25,3,1
C01574,36,Male,59,One year,163.42,9703.45,Bank Transfer,DSL,1,1,2,258.9,17,8,1
C01575,64,Female,11,Two year,125.31,1314.96,Card,DSL,2,0,1,160.17,23,4,0
C01576,37,Female,23,Two year,116.17,2763.49,Bank Transfer,Fiber,1,3,1,11.64,19,9,1
C01577,18,Female,40,Month-to-month,103.0,4005.98,Electronic,None,2,1,0,129.91,9,6,1
C01578,56,Male,58,One year,108.23,5491.12,Electronic,None,1,0,1,150.25,0,5,0
C01579,59,Male,9,One year,155.66,1320.72,Electronic,DSL,1,2,2,103.93,17,10,1
C01580,30,Male,44,Month-to-month,110.13,4881.57,Bank Transfer,DSL,3,0,0,69.35,38,7,1
C01581,39,Female,22,Month-to-month,96.18,1864.65,Card,DSL,4,0,1,166.33,33,7,1
C01582,18,Female,16,Month-to-month,90.24,1544.52,Card,DSL,1,2,1,77.12,13,8,1
C01583,45,Female,38,One year,90.62,3295.2,Electronic,Fiber,0,0,1,161.65,13,8,1
C01584,43,Male,30,One year,60.93,1665.92,Card,Fiber,3,1,0,72.48,11,9,0
C01585,32,Female,46,One year,83.74,3283.42,Card,Fiber,2,0,1,100.64,11,5,1
C01586,48,Male,23,Month-to-month,162.44,3270.99,Card,Fiber,2,2,3,182.59,22,8,1
C01587,57,Female,60,Month-to-month,102.77,5680.15,Bank Transfer,DSL,3,1,2,156.9,34,6,1
C01588,43,Male,6,Month-to-month,134.65,775.68,Electronic,None,0,1,0,131.73,52,5,1
C01589,64,Female,63,Month-to-month,25.0,1411.19,Card,Fiber,3,1,0,128.36,6,7,0
C01590,44,Male,3,Two year,129.89,394.93,Electronic,DSL,2,0,0,134.98,28,4,1
C01591,41,Male,53,Two year,104.35,5023.63,Electronic,DSL,0,1,1,86.47,26,9,0
C01592,56,Female,25,Two year,93.15,2646.38,Electronic,Fiber,2,0,1,46.58,13,6,0
C01593,27,Female,28,Two year,116.33,3320.66,Bank Transfer,DSL,1,0,0,161.3,3,6,0
C01594,67,Male,2,Two year,92.65,201.78,Electronic,Fiber,3,2,1,214.16,22,7,1
C01595,53,Female,51,Month-to-month,35.66,1776.22,Electronic,Fiber,1,1,1,163.23,50,7,0
C01596,39,Male,12,Month-to-month,142.28,1556.18,Card,Fiber,4,1,0,143.98,22,9,0
C01597,31,Female,48,Month-to-month,118.51,5602.19,Electronic,None,4,0,0,63.53,6,5,0
C01598,63,Male,53,Month-to-month,99.01,5109.6,Bank Transfer,None,3,1,1,178.24,16,6,1
C01599,18,Male,61,Month-to-month,76.18,4819.59,Bank Transfer,DSL,2,0,2,156.48,1,7,0
C01600,21,Female,51,Month-to-month,58.55,3354.18,Card,DSL,1,1,0,171.81,18,5,1
C01601,53,Female,22,Two year,117.84,2388.03,Electronic,DSL,4,0,0,186.86,28,7,0
C01602,45,Male,54,Month-to-month,166.47,7901.37,Electronic,Fiber,0,0,1,217.23,8,6,1
C01603,27,Female,60,Two year,117.11,7480.5,Electronic,Fiber,1,0,0,68.69,0,4,0
C01604,39,Female,23,One year,61.6,1204.51,Card,Fiber,1,0,1,59.11,22,8,1
C01605,63,Male,9,One year,117.88,1154.68,Electronic,Fiber,2,1,1,138.15,10,10,1
C01606,45,Male,65,One year,108.13,7509.17,Bank Transfer,None,2,1,0,79.26,7,7,0
C01607,48,Male,11,Month-to-month,140.24,1693.44,Cash,DSL,2,0,0,69.74,7,7,1
C01608,23,Female,43,One year,131.24,4950.08,Bank Transfer,DSL,1,0,2,197.11,24,7,0
C01609,59,Male,18,Month-to-month,25.0,410.0,Electronic,DSL,2,3,0,74.5,12,6,1
C01610,26,Male,10,Two year,129.08,1310.84,Bank Transfer,DSL,3,3,1,129.39,32,9,1
C01611,31,Female,56,Month-to-month,74.88,3975.93,Electronic,DSL,1,1,1,40.27,32,7,0
C01612,35,Female,11,Month-to-month,60.24,731.38,Cash,DSL,3,1,0,133.47,14,3,0
C01613,42,Male,49,One year,103.4,5003.44,Electronic,Fiber,0,1,1,195.05,10,9,0
C01614,33,Male,50,One year,124.38,6087.64,Card,Fiber,0,1,1,196.72,20,9,0
C01615,65,Female,5,Month-to-month,52.57,238.01,Electronic,DSL,1,0,0,187.47,16,8,1
C01616,40,Female,13,One year,134.66,1783.16,Card,Fiber,4,1,1,125.69,0,2,1
C01617,20,Male,58,Month-to-month,136.72,7563.11,Electronic,DSL,2,0,2,191.13,47,7,1
C01618,44,Male,37,One year,111.64,4069.53,Electronic,DSL,2,1,0,153.65,29,9,0
C01619,25,Female,9,Month-to-month,79.63,667.52,Electronic,DSL,1,1,0,105.86,11,8,1
C01620,30,Female,72,Month-to-month,75.72,5630.0,Electronic,Fiber,1,2,0,150.99,0,7,0
C01621,52,Male,20,Month-to-month,145.91,3214.11,Electronic,Fiber,3,0,1,178.71,15,9,0
C01622,53,Female,1,Month-to-month,57.11,48.89,Bank Transfer,None,4,1,0,56.98,9,7,0
C01623,56,Female,67,Month-to-month,147.26,9069.73,Electronic,None,4,0,1,71.68,17,9,1
C01624,39,Female,2,Month-to-month,104.22,219.53,Card,Fiber,1,1,1,122.1,0,7,1
C01625,66,Male,40,Month-to-month,106.65,4530.28,Electronic,None,1,1,2,62.8,11,7,1
C01626,21,Male,72,Month-to-month,50.22,3392.47,Bank Transfer,None,2,0,1,62.02,12,9,0
C01627,39,Female,42,Month-to-month,104.86,4121.81,Cash,Fiber,1,0,0,106.87,15,6,0
C01628,32,Male,43,Month-to-month,131.48,6072.05,Electronic,Fiber,1,0,3,184.56,14,5,1
C01629,20,Male,28,One year,63.23,1801.31,Cash,None,0,0,0,183.52,19,7,1
C01630,50,Female,10,Two year,127.45,1232.06,Card,DSL,1,2,0,147.66,41,8,1
C01631,21,Female,42,Month-to-month,113.12,4117.21,Card,DSL,2,0,0,139.92,10,9,0
C01632,53,Male,65,Two year,87.47,5946.45,Electronic,None,3,1,0,244.81,4,9,0
C01633,67,Male,7,Month-to-month,139.91,918.56,Cash,None,1,1,0,100.34,0,7,1
C01634,64,Female,64,Month-to-month,32.92,2155.67,Bank Transfer,Fiber,1,0,0,143.26,10,7,0
C01635,57,Female,30,One year,122.13,3908.46,Electronic,Fiber,0,2,0,97.61,0,6,1
C01636,32,Male,39,One year,166.68,6428.91,Electronic,None,2,1,1,59.19,32,7,1
C01637,55,Male,12,Two year,160.4,1782.31,Electronic,Fiber,1,0,1,195.17,17,4,1
C01638,50,Male,45,Month-to-month,123.64,5086.81,Electronic,Fiber,3,0,1,113.21,32,7,0
C01639,46,Female,14,One year,99.44,1477.76,Electronic,None,3,2,2,168.22,40,10,1
C01640,45,Female,20,Month-to-month,87.75,1961.08,Cash,DSL,4,1,0,116.46,5,4,1
C01641,26,Female,52,Month-to-month,99.4,5912.93,Bank Transfer,Fiber,2,0,0,198.57,13,7,1
C01642,67,Female,4,Month-to-month,129.03,563.09,Electronic,Fiber,3,0,1,75.15,38,8,1
C01643,66,Male,33,Two year,81.75,2780.75,Electronic,DSL,3,0,2,194.02,21,8,0
C01644,60,Male,43,Month-to-month,136.51,6511.49,Card,Fiber,2,3,3,179.18,26,5,0
C01645,49,Female,10,One year,184.66,1785.48,Cash,Fiber,1,1,0,31.29,33,8,1
C01646,25,Male,22,One year,107.83,2644.35,Bank Transfer,None,2,0,3,101.57,31,6,1
C01647,54,Male,25,One year,62.95,1540.72,Bank Transfer,DSL,2,0,0,186.15,24,4,1
C01648,73,Male,48,One year,62.93,3107.23,Bank Transfer,Fiber,1,2,1,220.05,39,9,0
C01649,25,Female,71,Two year,137.18,8775.31,Card,DSL,0,0,1,169.35,17,8,1
C01650,38,Female,61,Month-to-month,107.91,6576.91,Electronic,Fiber,1,1,0,108.19,26,5,1
C01651,70,Female,14,Month-to-month,140.69,1875.99,Bank Transfer,Fiber,5,0,0,76.74,15,6,1
C01652,73,Female,2,One year,91.32,175.33,Card,None,3,1,1,161.17,33,6,1
C01653,43,Female,4,Month-to-month,139.07,572.67,Bank Transfer,DSL,2,1,2,106.57,7,4,1
C01654,34,Male,43,Month-to-month,104.46,5006.36,Bank Transfer,DSL,1,0,0,108.9,0,8,0
C01655,34,Male,12,Month-to-month,84.36,1111.34,Electronic,Fiber,0,0,0,117.67,28,8,1
C01656,45,Female,17,Month-to-month,95.97,1557.49,Electronic,DSL,5,1,1,178.5,3,6,1
C01657,36,Female,62,Month-to-month,68.1,4518.6,Bank Transfer,Fiber,0,0,0,229.35,1,7,0
C01658,49,Male,63,Month-to-month,179.63,11478.22,Electronic,Fiber,2,0,1,186.48,37,7,1
C01659,22,Female,61,Two year,106.63,6208.22,Electronic,DSL,5,0,0,130.53,32,7,0
C01660,21,Male,19,Month-to-month,132.56,2826.92,Card,DSL,3,1,1,80.54,13,5,1
C01661,18,Male,45,Two year,91.21,3687.33,Electronic,DSL,0,0,0,166.72,0,8,0
C01662,59,Other,44,Two year,73.18,3514.81,Card,Fiber,4,1,0,221.6,26,5,1
C01663,71,Female,14,Month-to-month,101.81,1302.34,Card,DSL,1,1,4,185.19,28,8,1
C01664,24,Male,40,One year,148.54,6641.22,Card,Fiber,1,1,1,141.43,26,5,0
C01665,71,Male,38,One year,91.77,3719.0,Cash,DSL,0,0,2,103.1,25,5,0
C01666,27,Female,29,One year,79.53,2282.15,Electronic,None,2,0,2,148.98,15,7,0
C01667,20,Female,55,Month-to-month,115.44,5544.16,Cash,DSL,0,1,2,193.5,12,7,0
C01668,34,Male,49,Month-to-month,127.47,5646.54,Bank Transfer,Fiber,2,2,0,142.78,1,7,1
C01669,34,Male,39,Month-to-month,167.5,5875.89,Bank Transfer,DSL,1,0,1,124.31,8,5,1
C01670,73,Female,53,One year,122.38,6995.16,Bank Transfer,Fiber,0,0,0,92.2,23,7,0
C01671,24,Male,55,Two year,132.54,7556.52,Electronic,Fiber,0,2,1,272.42,23,8,1
C01672,74,Female,41,One year,135.17,5072.66,Card,Fiber,1,0,0,81.0,30,9,1
C01673,67,Male,20,One year,69.64,1337.59,Electronic,Fiber,1,1,0,75.92,0,7,0
C01674,46,Male,55,Two year,76.28,3955.6,Card,DSL,3,0,1,139.03,0,6,0
C01675,57,Female,52,One year,72.06,3918.74,Electronic,Fiber,1,0,2,118.89,12,5,0
C01676,48,Male,71,Month-to-month,63.37,4270.66,Electronic,DSL,2,0,3,186.28,3,4,0
C01677,70,Female,11,Two year,137.84,1638.43,Cash,Fiber,0,2,0,188.14,21,8,1
C01678,30,Male,31,Month-to-month,120.15,3942.56,Cash,DSL,2,0,3,63.21,0,8,1
C01679,73,Female,67,Month-to-month,112.78,6972.92,Card,Fiber,1,1,1,88.44,36,5,1
C01680,42,Female,38,Month-to-month,25.0,899.79,Card,Fiber,0,0,3,81.85,6,7,0
C01681,72,Female,68,Two year,181.94,12555.61,Bank Transfer,DSL,1,0,1,173.15,42,7,1
C01682,75,Female,1,Month-to-month,78.7,88.33,Cash,Fiber,2,2,1,153.56,26,8,1
C01683,67,Female,3,Month-to-month,181.81,481.87,Electronic,Fiber,2,0,1,109.57,2,9,1
C01684,63,Female,58,Month-to-month,59.28,3292.19,Electronic,DSL,2,1,1,141.9,49,3,0
C01685,43,Female,26,Month-to-month,81.57,2183.81,Cash,Fiber,0,1,0,68.06,22,9,0
C01686,58,Male,38,Month-to-month,32.9,1184.4,Electronic,DSL,3,0,1,89.16,20,7,0
C01687,32,Male,31,One year,122.67,3562.81,Bank Transfer,Fiber,1,0,1,58.5,17,6,0
C01688,34,Female,30,Two year,71.46,2099.92,Card,DSL,0,0,0,138.0,25,6,0
C01689,61,Female,68,Month-to-month,72.44,4471.98,Card,Fiber,1,0,1,137.79,26,7,1
C01690,62,Male,7,Month-to-month,61.96,447.19,Electronic,None,0,1,1,75.86,5,6,0
C01691,33,Female,56,Month-to-month,137.21,8555.67,Bank Transfer,Fiber,0,1,0,153.17,15,5,1
C01692,74,Female,65,Month-to-month,134.9,9849.11,Card,None,1,0,0,188.14,20,6,0
C01693,57,Male,48,One year,173.42,8252.83,Cash,Fiber,2,0,0,73.32,27,5,0
C01694,75,Female,29,One year,86.0,2339.46,Card,DSL,6,0,1,112.05,27,9,0
C01695,45,Male,12,One year,117.66,1362.09,Cash,Fiber,3,0,0,158.25,20,7,1
C01696,52,Female,50,Month-to-month,64.87,2979.33,Electronic,Fiber,3,2,1,129.65,10,10,0
C01697,55,Female,34,One year,98.27,3440.09,Electronic,Fiber,1,2,1,54.54,9,8,0
C01698,27,Female,11,Month-to-month,91.84,899.54,Cash,Fiber,2,1,0,105.76,0,8,1
C01699,34,Female,26,Month-to-month,126.26,3103.59,Electronic,Fiber,1,0,0,103.93,27,5,1
C01700,73,Male,70,Two year,145.6,9184.53,Electronic,DSL,1,2,1,120.63,9,7,1
C01701,57,Female,20,One year,144.69,2637.89,Electronic,Fiber,2,0,2,122.97,15,7,1
C01702,49,Female,13,Two year,80.5,1100.35,Bank Transfer,DSL,2,1,1,216.13,22,6,0
C01703,18,Male,50,Two year,144.95,8318.63,Bank Transfer,Fiber,1,2,1,118.53,18,6,0
C01704,20,Male,15,One year,108.46,1712.47,Cash,DSL,0,1,0,35.51,18,8,1
C01705,50,Male,67,Two year,98.64,6101.48,Electronic,DSL,6,1,2,135.01,4,8,1
C01706,22,Female,62,Month-to-month,85.2,5136.19,Electronic,Fiber,1,0,0,226.13,22,5,0
C01707,26,Male,71,Month-to-month,90.4,6664.93,Electronic,DSL,2,0,1,120.81,13,8,0
C01708,51,Male,66,Month-to-month,170.98,12528.52,Cash,Fiber,1,1,0,105.91,17,8,1
C01709,73,Female,18,Month-to-month,120.76,2313.38,Card,Fiber,2,1,1,113.22,35,6,1
C01710,66,Other,16,Month-to-month,116.11,1660.14,Electronic,DSL,4,0,1,162.13,26,6,0
C01711,44,Male,25,Month-to-month,100.82,2599.12,Electronic,DSL,1,0,1,112.98,9,8,1
C01712,72,Female,34,One year,195.61,6046.52,Electronic,DSL,0,1,3,46.64,16,2,1
C01713,53,Female,64,One year,155.68,9587.59,Bank Transfer,Fiber,5,1,0,93.05,42,7,0
C01714,72,Female,53,One year,84.76,5118.88,Card,DSL,0,0,1,126.44,13,10,1
C01715,31,Male,47,Month-to-month,100.42,5275.08,Card,DSL,2,1,1,159.46,19,2,0
C01716,51,Male,64,One year,102.5,6081.42,Card,None,1,0,2,97.95,28,8,0
C01717,71,Male,47,Month-to-month,115.11,5780.88,Electronic,DSL,2,1,0,113.71,21,8,1
C01718,74,Male,28,Month-to-month,85.46,2270.42,Card,Fiber,4,3,4,132.47,12,4,1
C01719,67,Female,30,Month-to-month,125.36,3205.51,Bank Transfer,Fiber,1,0,0,87.24,7,8,1
C01720,26,Female,38,Month-to-month,160.82,6753.17,Electronic,DSL,2,1,0,124.95,18,9,0
C01721,53,Female,7,Month-to-month,64.02,491.52,Card,DSL,2,2,1,155.7,28,5,1
C01722,23,Female,54,One year,70.51,3572.66,Bank Transfer,Fiber,0,1,0,64.74,38,6,1
C01723,40,Female,47,One year,93.09,4732.34,Card,DSL,1,0,1,146.86,0,7,0
C01724,19,Female,53,One year,94.71,4314.2,Card,DSL,2,0,1,70.03,44,9,0
C01725,62,Female,39,Month-to-month,179.95,7101.67,Bank Transfer,Fiber,1,1,0,71.13,14,6,1
C01726,62,Male,57,One year,145.06,9462.99,Electronic,Fiber,1,0,0,93.55,32,7,1
C01727,23,Female,69,One year,143.05,10724.77,Electronic,DSL,3,2,2,205.1,7,6,0
C01728,71,Female,42,Month-to-month,100.75,4327.3,Card,DSL,2,2,1,35.67,0,7,0
C01729,66,Male,32,One year,99.98,3070.54,Electronic,Fiber,4,0,0,104.48,0,9,0
C01730,66,Male,8,Month-to-month,59.19,506.95,Card,Fiber,2,1,1,128.55,13,7,0
C01731,43,Female,57,Month-to-month,137.36,8946.25,Bank Transfer,Fiber,0,1,2,194.19,26,6,1
C01732,72,Male,66,Month-to-month,127.19,7619.0,Electronic,Fiber,3,0,1,237.14,18,7,0
C01733,75,Female,51,Month-to-month,155.01,6837.16,Cash,DSL,1,1,2,106.79,14,6,1
C01734,49,Male,63,Month-to-month,102.62,6227.08,Cash,Fiber,2,1,1,159.66,35,5,1
C01735,39,Female,63,Month-to-month,105.04,6650.87,Electronic,DSL,0,1,3,124.8,18,9,0
C01736,62,Male,58,Month-to-month,115.95,6211.16,Card,Fiber,3,2,1,124.45,22,10,0
C01737,20,Male,37,Two year,141.22,5407.72,Electronic,DSL,1,0,0,145.03,65,4,0
C01738,37,Female,8,Month-to-month,58.54,441.06,Cash,None,4,2,1,42.8,18,8,0
C01739,18,Male,1,Month-to-month,135.76,155.39,Card,Fiber,2,1,0,127.37,8,9,1
C01740,62,Male,15,Month-to-month,109.28,1523.84,Bank Transfer,None,0,0,0,154.79,25,5,1
C01741,20,Male,32,Two year,72.95,2546.5,Cash,DSL,0,1,2,82.71,29,6,0
C01742,61,Male,54,One year,37.04,2278.89,Card,None,4,0,0,155.16,23,6,0
C01743,50,Male,33,Two year,105.22,3471.9,Bank Transfer,Fiber,2,1,1,34.93,20,10,0
C01744,43,Male,2,Month-to-month,160.67,292.35,Electronic,None,1,2,3,135.15,40,10,1
C01745,54,Male,16,Month-to-month,168.61,3013.78,Electronic,Fiber,3,0,2,203.82,38,5,0
C01746,20,Female,71,One year,122.44,8438.42,Electronic,Fiber,1,0,1,117.98,16,4,0
C01747,65,Female,72,Month-to-month,178.67,13034.54,Bank Transfer,None,3,2,2,76.2,8,8,1
C01748,33,Male,28,One year,108.5,2626.92,Electronic,None,1,0,1,51.62,24,8,1
C01749,66,Female,58,Two year,143.37,7936.29,Electronic,Fiber,0,0,0,151.48,8,9,0
C01750,69,Other,52,Month-to-month,94.21,4980.99,Bank Transfer,Fiber,0,0,1,181.04,31,5,0
C01751,49,Female,68,Two year,91.99,6617.41,Electronic,None,0,1,1,126.91,24,8,0
C01752,52,Female,64,One year,86.29,6269.8,Card,DSL,1,1,2,104.5,58,6,0
C01753,71,Female,46,Month-to-month,37.88,1786.2,Electronic,Fiber,2,0,3,23.8,40,8,0
C01754,41,Male,29,Month-to-month,155.05,4188.03,Electronic,Fiber,2,1,0,136.82,2,7,1
C01755,41,Female,46,Month-to-month,87.54,4096.04,Electronic,Fiber,1,1,0,92.09,10,10,0
C01756,72,Female,23,One year,81.95,1642.22,Bank Transfer,Fiber,2,1,0,95.25,0,8,0
C01757,41,Male,26,Month-to-month,68.7,1597.65,Electronic,DSL,2,2,2,218.9,0,6,1
C01758,39,Male,44,Month-to-month,102.85,4324.15,Electronic,Fiber,1,1,1,30.91,20,7,0
C01759,18,Male,42,One year,171.72,6178.64,Bank Transfer,DSL,1,0,1,38.27,0,7,0
C01760,37,Female,42,Month-to-month,183.28,6717.13,Electronic,Fiber,4,0,0,142.72,43,5,0
C01761,32,Female,28,Month-to-month,51.87,1237.7,Card,DSL,2,0,1,108.81,35,10,0
C01762,62,Male,30,One year,97.59,2648.33,Card,Fiber,0,3,2,101.47,14,10,0
C01763,47,Female,1,Month-to-month,73.8,81.0,Cash,DSL,0,1,0,145.0,13,7,1
C01764,38,Female,44,Month-to-month,144.59,6078.43,Bank Transfer,DSL,3,0,0,144.07,40,8,1
C01765,72,Male,42,Month-to-month,120.03,5649.96,Electronic,DSL,1,0,0,76.45,44,10,1
C01766,43,Female,68,Month-to-month,87.72,6653.81,Card,Fiber,3,3,1,97.46,4,9,0
C01767,42,Male,37,Month-to-month,112.54,4618.01,Card,DSL,2,0,0,132.73,2,6,1
C01768,59,Male,34,One year,93.29,2897.7,Electronic,Fiber,3,1,3,139.19,13,7,1
C01769,33,Female,5,Two year,166.5,793.13,Card,Fiber,1,1,1,156.58,24,4,0
C01770,42,Male,15,Month-to-month,129.14,1918.75,Bank Transfer,DSL,1,0,0,97.93,10,8,1
C01771,58,Female,25,Two year,133.44,3267.63,Bank Transfer,Fiber,1,3,0,149.09,25,9,1
C01772,36,Male,28,One year,25.0,611.78,Card,Fiber,2,0,2,182.27,47,9,0
C01773,42,Female,27,One year,107.66,2679.18,Electronic,None,2,2,2,132.58,0,8,0
C01774,18,Female,29,One year,182.91,5495.77,Card,Fiber,2,1,1,124.34,11,8,0
C01775,64,Female,56,One year,156.41,9223.12,Card,DSL,4,0,0,117.05,0,5,0
C01776,67,Female,10,One year,45.35,435.1,Electronic,DSL,4,2,1,96.04,5,8,0
C01777,56,Female,24,Month-to-month,99.03,2231.98,Cash,Fiber,3,0,1,78.41,14,6,0
C01778,48,Male,12,Month-to-month,67.95,836.41,Cash,Fiber,0,2,1,113.6,7,8,0
C01779,69,Male,23,Month-to-month,169.89,4099.06,Cash,Fiber,4,0,3,154.79,26,6,1
C01780,67,Female,50,Month-to-month,118.55,6302.67,Bank Transfer,DSL,1,2,0,81.1,20,8,1
C01781,45,Female,4,One year,83.13,363.53,Card,DSL,1,0,1,125.85,22,9,1
C01782,53,Female,25,Month-to-month,111.2,2849.84,Electronic,Fiber,1,2,0,119.47,13,8,1
C01783,72,Male,2,Month-to-month,25.0,48.18,Cash,DSL,2,2,1,227.78,15,8,0
C01784,29,Male,69,Month-to-month,72.03,4743.03,Card,DSL,1,1,0,169.75,13,9,0
C01785,63,Male,53,Month-to-month,111.28,5073.72,Electronic,DSL,3,0,2,168.86,14,10,0
C01786,39,Male,18,One year,139.6,2449.72,Electronic,Fiber,4,0,0,180.6,24,7,1
C01787,23,Female,15,One year,42.05,700.6,Bank Transfer,Fiber,1,1,0,99.99,0,8,0
C01788,42,Female,8,Month-to-month,96.66,802.89,Electronic,Fiber,2,1,1,205.72,22,10,0
C01789,48,Female,35,Month-to-month,145.34,5228.89,Bank Transfer,DSL,3,0,1,138.75,5,8,1
C01790,60,Male,55,Month-to-month,59.2,2986.18,Card,Fiber,1,0,0,127.54,13,3,0
C01791,26,Female,43,Month-to-month,118.02,5221.2,Electronic,DSL,1,2,0,63.19,0,6,0
C01792,49,Male,64,One year,112.31,6498.64,Bank Transfer,None,1,0,0,107.91,13,8,0
C01793,56,Male,25,One year,170.0,4047.38,Bank Transfer,Fiber,2,0,0,32.87,22,6,1
C01794,54,Female,21,Month-to-month,101.95,2195.11,Electronic,DSL,1,3,1,116.35,25,10,0
C01795,66,Female,35,Month-to-month,103.99,3143.38,Electronic,Fiber,3,1,0,98.3,0,10,0
C01796,61,Male,15,Two year,139.92,1980.11,Card,DSL,5,0,1,108.09,24,6,1
C01797,44,Male,71,One year,63.58,3956.8,Electronic,Fiber,2,0,0,53.77,35,5,0
C01798,33,Male,14,Month-to-month,102.27,1287.42,Electronic,None,5,0,2,168.7,11,6,1
C01799,69,Female,35,Month-to-month,94.05,3145.73,Cash,Fiber,1,0,0,162.59,18,6,1
C01800,69,Male,38,Month-to-month,105.14,4226.36,Electronic,None,1,1,0,222.94,0,10,0
C01801,25,Female,5,Two year,139.69,649.74,Card,Fiber,4,2,1,221.38,5,5,1
C01802,44,Male,34,Month-to-month,129.4,3766.04,Electronic,DSL,3,0,2,138.59,22,8,0
C01803,61,Female,33,Month-to-month,83.8,2681.53,Electronic,Fiber,1,1,1,186.29,32,9,0
C01804,56,Female,19,Two year,114.78,1998.38,Electronic,Fiber,2,0,0,144.37,9,8,1
C01805,68,Female,10,One year,162.17,1757.04,Electronic,None,1,1,0,106.5,58,8,1
C01806,30,Male,4,Month-to-month,80.9,354.87,Bank Transfer,Fiber,4,2,1,114.7,23,7,0
C01807,72,Male,1,Month-to-month,115.08,120.98,Bank Transfer,DSL,3,1,2,165.14,0,10,1
C01808,31,Male,35,Month-to-month,103.24,3735.86,Card,DSL,2,1,1,354.84,37,7,1
C01809,23,Male,7,One year,107.79,806.77,Bank Transfer,Fiber,1,2,1,194.18,0,9,1
C01810,60,Male,70,Month-to-month,52.93,3567.06,Electronic,Fiber,1,0,0,143.55,23,7,0
C01811,71,Male,18,Two year,159.38,2998.86,Card,None,0,0,1,156.61,4,4,1
C01812,38,Female,47,Two year,82.9,3802.36,Bank Transfer,DSL,1,1,0,156.12,0,7,0
C01813,27,Female,49,Month-to-month,145.91,6999.2,Card,None,3,0,1,125.03,32,7,1
C01814,68,Female,36,One year,88.25,3452.26,Cash,DSL,0,2,0,171.61,14,7,0
C01815,23,Male,64,Month-to-month,88.11,6131.27,Card,DSL,2,1,0,121.45,44,6,1
C01816,56,Female,8,Month-to-month,152.46,1183.25,Cash,DSL,3,0,1,74.37,3,8,1
C01817,25,Female,17,One year,144.79,2784.16,Electronic,Fiber,1,1,0,156.49,0,8,0
C01818,56,Female,19,Month-to-month,117.3,2256.54,Electronic,None,0,2,1,163.84,11,6,0
C01819,24,Male,10,Month-to-month,136.64,1361.14,Electronic,DSL,4,1,1,121.98,61,6,1
C01820,40,Female,22,Month-to-month,99.9,2198.83,Bank Transfer,DSL,0,1,1,147.04,31,5,1
C01821,44,Male,23,Month-to-month,109.71,2734.74,Electronic,None,1,1,2,182.85,26,7,1
C01822,70,Male,56,Month-to-month,86.84,5545.34,Electronic,Fiber,3,1,1,127.15,27,9,0
C01823,59,Male,22,One year,141.64,3293.8,Cash,Fiber,1,1,1,105.41,11,9,0
C01824,72,Male,64,One year,85.73,5225.51,Card,Fiber,1,0,0,90.99,59,6,0
C01825,49,Other,56,One year,161.98,9116.63,Electronic,DSL,1,1,0,116.04,25,10,1
C01826,32,Female,65,Two year,98.95,6059.49,Electronic,Fiber,2,0,0,214.42,23,6,0
C01827,42,Female,8,Month-to-month,110.72,926.58,Bank Transfer,Fiber,1,0,2,119.09,33,5,1
C01828,47,Female,71,Two year,136.56,11147.48,Cash,DSL,0,0,1,149.77,0,5,0
C01829,50,Female,45,Month-to-month,110.84,5533.63,Bank Transfer,Fiber,1,3,0,112.15,5,5,1
C01830,70,Female,71,Month-to-month,99.57,7011.89,Electronic,Fiber,3,2,0,107.44,14,8,1
C01831,70,Female,26,Two year,108.95,2698.57,Card,Fiber,2,0,1,81.64,33,7,1
C01832,23,Male,69,Month-to-month,141.28,9610.34,Electronic,Fiber,3,2,1,135.52,0,6,1
C01833,64,Male,43,Month-to-month,86.8,3526.65,Cash,Fiber,2,0,0,101.56,17,5,0
C01834,35,Male,6,Month-to-month,105.58,726.92,Bank Transfer,Fiber,1,0,3,200.05,15,5,1
C01835,52,Female,30,Month-to-month,110.36,3014.72,Bank Transfer,Fiber,1,0,3,124.09,0,5,1
C01836,73,Female,10,Month-to-month,140.26,1532.95,Electronic,Fiber,1,1,4,127.55,10,9,1
C01837,69,Male,68,Month-to-month,106.51,7056.27,Electronic,None,0,2,2,120.09,26,10,0
C01838,46,Female,22,Two year,173.29,3985.87,Bank Transfer,Fiber,1,2,0,150.41,0,10,1
C01839,20,Female,17,Month-to-month,104.52,2002.25,Card,Fiber,1,1,0,212.0,39,8,1
C01840,73,Male,40,Month-to-month,101.68,4179.6,Electronic,DSL,3,0,1,72.81,25,6,1
C01841,70,Female,31,Month-to-month,104.01,3337.44,Bank Transfer,Fiber,4,0,0,145.28,23,6,0
C01842,40,Female,7,One year,63.92,385.14,Electronic,Fiber,4,0,1,43.72,18,8,0
C01843,25,Male,59,Month-to-month,73.71,3864.87,Bank Transfer,DSL,0,0,2,197.28,2,7,0
C01844,48,Male,61,Month-to-month,91.43,5644.81,Bank Transfer,Fiber,2,1,0,124.05,8,8,0
C01845,64,Female,54,Month-to-month,149.75,7772.9,Electronic,None,3,1,2,47.78,23,10,1
C01846,44,Male,45,One year,108.84,5058.19,Bank Transfer,Fiber,2,1,0,59.83,8,7,0
C01847,19,Male,29,One year,93.04,2604.39,Electronic,DSL,2,2,3,174.76,21,10,1
C01848,44,Female,40,One year,152.93,5520.66,Card,None,1,1,2,38.45,5,5,1
C01849,47,Male,38,One year,164.29,6798.87,Cash,None,2,2,4,145.31,25,8,1
C01850,71,Male,12,Month-to-month,153.94,2038.53,Cash,Fiber,2,0,1,106.43,26,8,0
C01851,64,Female,6,Month-to-month,80.14,548.37,Electronic,DSL,1,0,1,119.29,0,5,0
C01852,58,Female,19,Month-to-month,92.67,1602.58,Bank Transfer,Fiber,1,2,0,92.94,19,8,1
C01853,41,Male,33,Month-to-month,173.48,5401.07,Card,DSL,2,0,1,77.59,0,10,0
C01854,72,Male,12,Month-to-month,118.44,1327.81,Bank Transfer,DSL,1,0,1,103.19,0,10,1
C01855,31,Male,8,Month-to-month,100.63,908.94,Electronic,Fiber,1,1,0,161.46,9,8,0
C01856,37,Male,62,Month-to-month,135.14,8623.66,Card,Fiber,2,0,0,113.91,60,4,1
C01857,67,Female,27,One year,145.26,4418.92,Electronic,DSL,3,1,0,153.17,30,8,1
C01858,75,Male,43,Month-to-month,90.0,4323.14,Cash,Fiber,3,1,1,116.68,39,8,0
C01859,65,Male,38,One year,117.68,4130.14,Cash,DSL,1,0,1,163.62,27,7,1
C01860,59,Female,53,One year,142.43,7385.32,Electronic,Fiber,0,1,0,152.82,21,7,0
C01861,72,Female,54,Month-to-month,69.39,3649.96,Card,DSL,1,0,0,100.26,31,6,0
C01862,25,Female,22,Month-to-month,110.43,2419.96,Electronic,Fiber,1,3,0,77.55,8,7,0
C01863,56,Male,62,One year,71.0,5059.0,Electronic,DSL,0,0,0,182.56,25,9,0
C01864,41,Male,27,One year,75.57,1840.82,Electronic,Fiber,3,0,0,85.26,36,10,0
C01865,52,Other,61,Month-to-month,90.29,5957.94,Bank Transfer,DSL,0,2,2,157.54,28,5,1
C01866,32,Female,30,Month-to-month,126.7,3490.39,Electronic,DSL,0,1,1,131.71,37,6,1
C01867,46,Female,8,One year,98.73,846.56,Card,Fiber,1,1,0,104.53,21,4,1
C01868,31,Male,55,One year,87.31,4373.54,Cash,DSL,1,0,0,153.62,43,10,1
C01869,55,Female,3,Month-to-month,111.8,338.14,Electronic,DSL,3,2,1,205.23,15,9,1
C01870,71,Other,56,Month-to-month,69.86,4108.85,Card,Fiber,0,0,0,164.4,50,3,1
C01871,21,Male,4,Two year,125.01,489.81,Cash,DSL,2,1,1,137.11,27,7,1
C01872,73,Male,15,Month-to-month,149.6,2557.8,Bank Transfer,Fiber,1,1,0,219.18,12,6,1
C01873,56,Male,44,Two year,107.23,5008.96,Electronic,DSL,2,0,1,37.92,0,6,0
C01874,18,Female,68,Month-to-month,102.91,6278.32,Electronic,None,1,0,0,68.83,6,9,1
C01875,51,Male,30,Month-to-month,123.07,3550.49,Bank Transfer,DSL,2,0,0,104.46,4,9,1
C01876,26,Male,9,Month-to-month,39.0,331.44,Electronic,Fiber,1,1,0,208.06,17,7,1
C01877,64,Female,17,Month-to-month,128.79,2055.09,Card,Fiber,0,1,2,181.86,0,6,1
C01878,34,Female,65,Two year,218.57,12978.27,Electronic,DSL,2,1,0,35.6,37,6,1
C01879,21,Male,53,Month-to-month,105.71,5074.21,Bank Transfer,Fiber,2,0,0,106.0,20,7,0
C01880,67,Female,8,Two year,105.83,940.66,Electronic,DSL,3,2,1,57.19,19,6,1
C01881,49,Male,28,Month-to-month,136.03,4367.86,Electronic,DSL,3,0,0,127.78,1,7,1
C01882,53,Female,20,Two year,167.59,3009.89,Bank Transfer,DSL,3,1,4,179.6,6,8,1
C01883,66,Female,13,Two year,144.12,2037.32,Electronic,Fiber,3,0,2,183.66,0,4,1
C01884,50,Female,61,One year,34.55,1935.5,Card,DSL,1,0,0,144.74,42,6,0
C01885,64,Female,45,Month-to-month,129.72,5875.3,Cash,Fiber,1,0,0,106.62,0,7,0
C01886,52,Female,13,One year,200.02,2363.97,Card,Fiber,1,1,3,124.75,0,10,1
C01887,19,Female,47,Month-to-month,131.79,5768.6,Electronic,DSL,3,1,1,167.58,39,9,0
C01888,73,Female,30,Two year,69.59,2031.74,Cash,DSL,1,0,0,259.1,24,7,0
C01889,73,Other,5,Month-to-month,119.86,636.19,Electronic,Fiber,2,1,2,64.82,20,8,0
C01890,33,Female,33,Month-to-month,65.18,2134.05,Electronic,DSL,2,0,0,217.39,23,7,1
C01891,55,Female,14,Month-to-month,153.15,2343.51,Electronic,Fiber,1,1,0,143.42,32,9,1
C01892,25,Female,18,One year,76.54,1211.05,Bank Transfer,Fiber,0,0,1,175.11,19,8,1
C01893,34,Male,64,Two year,112.6,7361.64,Electronic,Fiber,1,0,1,140.18,0,9,0
C01894,53,Female,52,Month-to-month,79.98,3668.15,Electronic,Fiber,2,1,0,207.23,29,5,0
C01895,38,Male,10,One year,90.87,804.55,Electronic,Fiber,1,2,0,148.13,24,6,1
C01896,74,Male,62,Two year,162.02,9469.08,Electronic,DSL,4,0,2,94.32,36,7,0
C01897,22,Female,42,Month-to-month,113.62,4206.56,Bank Transfer,DSL,4,1,0,154.76,0,8,0
C01898,59,Female,63,Month-to-month,90.43,6167.74,Card,Fiber,0,2,2,191.97,7,10,0
C01899,53,Male,54,One year,69.92,3783.89,Card,Fiber,0,1,0,130.01,24,4,0
C01900,69,Female,25,One year,44.49,1160.5,Electronic,Fiber,0,0,2,15.93,4,7,0
C01901,64,Male,39,Month-to-month,66.21,2238.28,Cash,Fiber,1,0,0,123.68,0,7,0
C01902,69,Female,39,Two year,113.92,4076.03,Electronic,DSL,2,1,0,135.39,21,7,1
C01903,64,Male,52,Month-to-month,144.31,7556.46,Electronic,DSL,1,1,0,127.53,31,10,1
C01904,30,Female,18,Two year,90.39,1422.96,Electronic,DSL,4,1,0,102.75,16,9,0
C01905,42,Female,24,Two year,164.97,3556.11,Cash,Fiber,4,1,0,202.77,26,4,0
C01906,57,Female,18,One year,84.89,1308.81,Card,Fiber,3,0,0,10.0,24,10,1
C01907,75,Male,22,Month-to-month,101.67,2512.85,Electronic,DSL,0,1,0,135.17,18,10,1
C01908,68,Female,12,Month-to-month,72.21,848.7,Electronic,DSL,4,0,1,135.94,20,7,0
C01909,55,Female,3,Month-to-month,144.68,374.79,Card,Fiber,3,1,1,245.22,38,4,1
C01910,23,Male,68,Month-to-month,183.41,12324.25,Electronic,Fiber,2,0,3,129.21,4,7,0
C01911,42,Male,6,One year,48.34,323.74,Card,None,2,0,0,154.51,30,8,0
C01912,55,Female,64,Month-to-month,97.88,5681.89,Electronic,Fiber,4,2,1,136.88,0,9,0
C01913,62,Male,1,Month-to-month,154.27,142.14,Electronic,None,0,0,0,135.19,6,4,1
C01914,33,Male,56,Month-to-month,59.36,3804.87,Bank Transfer,DSL,1,1,0,226.96,36,6,1
C01915,45,Male,24,Month-to-month,129.83,3446.85,Card,Fiber,2,2,2,68.86,0,9,0
C01916,65,Male,38,Month-to-month,152.75,5889.06,Electronic,Fiber,1,0,2,93.3,14,10,1
C01917,66,Female,21,One year,112.74,2144.49,Electronic,None,0,0,0,171.48,53,8,1
C01918,30,Female,36,One year,129.26,4261.79,Bank Transfer,Fiber,1,1,0,144.13,33,9,1
C01919,32,Female,33,Month-to-month,171.63,6278.01,Bank Transfer,Fiber,2,4,3,114.42,7,8,0
C01920,39,Male,39,Two year,178.19,7315.57,Bank Transfer,Fiber,2,1,0,126.12,10,9,1
C01921,55,Male,29,Two year,107.83,2987.27,Bank Transfer,Fiber,2,0,3,180.27,15,7,1
C01922,57,Male,39,Month-to-month,91.37,3056.57,Electronic,DSL,1,0,0,156.68,38,8,0
C01923,62,Female,60,One year,77.8,4158.32,Electronic,Fiber,0,0,0,90.79,3,5,0
C01924,50,Female,32,Month-to-month,144.19,4931.51,Electronic,DSL,1,0,0,143.08,2,8,0
C01925,71,Other,27,Month-to-month,61.99,1748.36,Electronic,DSL,1,1,3,127.26,29,5,1
C01926,24,Male,10,Month-to-month,101.16,968.74,Bank Transfer,Fiber,1,2,0,155.87,0,8,1
C01927,48,Male,26,Month-to-month,113.59,3034.93,Electronic,DSL,1,1,0,112.34,4,6,1
C01928,31,Female,10,Two year,92.39,994.66,Card,Fiber,2,0,2,63.54,17,8,1
C01929,49,Male,14,Two year,119.79,1749.48,Electronic,DSL,0,0,1,166.98,17,5,0
C01930,69,Male,69,One year,199.76,12706.18,Bank Transfer,Fiber,2,0,0,160.17,0,6,1
C01931,69,Male,7,One year,105.74,840.47,Bank Transfer,DSL,3,0,0,207.84,23,8,1
C01932,75,Male,35,One year,94.76,2842.64,Bank Transfer,DSL,3,0,0,57.61,26,8,0
C01933,46,Male,61,Two year,145.54,9027.61,Electronic,DSL,1,0,0,126.13,8,9,0
C01934,58,Female,69,Month-to-month,118.39,7490.54,Cash,Fiber,1,0,1,117.33,43,5,1
C01935,45,Female,11,Month-to-month,160.38,1873.97,Bank Transfer,Fiber,3,1,1,108.21,23,4,1
C01936,18,Female,12,One year,115.76,1414.93,Card,None,4,3,2,45.24,3,5,1
C01937,34,Male,27,Month-to-month,101.31,2485.54,Card,None,3,1,1,71.35,42,5,1
C01938,61,Male,40,Month-to-month,47.57,1906.15,Electronic,DSL,0,2,1,144.88,10,10,0
C01939,21,Female,70,Month-to-month,53.31,3753.75,Bank Transfer,Fiber,1,1,0,102.51,21,9,0
C01940,55,Other,15,One year,45.75,669.85,Cash,Fiber,2,0,0,84.55,11,5,0
C01941,44,Female,12,Month-to-month,123.28,1276.14,Electronic,None,0,1,2,208.67,27,10,1
C01942,41,Female,19,Month-to-month,62.32,1079.94,Electronic,Fiber,1,1,0,260.55,11,9,0
C01943,60,Female,63,Month-to-month,153.95,11062.6,Electronic,DSL,3,0,1,126.9,12,4,1
C01944,31,Female,3,Month-to-month,111.06,302.04,Cash,Fiber,2,0,0,47.38,16,5,1
C01945,33,Male,28,Two year,101.45,2805.55,Card,DSL,3,2,1,151.8,10,4,0
C01946,27,Male,9,Month-to-month,80.47,679.44,Cash,Fiber,2,0,1,15.3,34,7,1
C01947,24,Female,12,One year,131.78,1703.2,Card,Fiber,2,0,0,55.74,0,7,1
C01948,22,Female,67,One year,81.84,5611.91,Electronic,Fiber,2,2,2,152.75,17,7,1
C01949,24,Male,1,Month-to-month,75.51,80.39,Card,None,0,0,1,53.89,19,3,1
C01950,55,Female,24,One year,151.59,3787.72,Electronic,DSL,4,0,1,113.72,16,4,1
C01951,35,Male,66,One year,122.41,8088.14,Electronic,DSL,2,1,0,48.4,33,7,0
C01952,37,Female,44,One year,101.78,5097.04,Electronic,None,4,0,1,133.09,0,8,0
C01953,61,Male,6,Month-to-month,132.45,843.14,Card,Fiber,0,3,1,191.78,27,3,1
C01954,48,Male,34,Month-to-month,110.31,3963.09,Electronic,None,3,0,0,96.29,0,5,0
C01955,22,Male,70,Two year,123.41,9132.01,Card,Fiber,1,4,3,128.93,10,9,0
C01956,48,Male,29,One year,81.41,2337.38,Bank Transfer,Fiber,0,0,0,85.13,0,5,0
C01957,56,Female,39,Two year,182.46,7420.71,Electronic,Fiber,5,0,0,88.98,13,7,1
C01958,53,Female,39,Two year,89.71,3608.51,Cash,None,1,1,0,84.27,9,5,0
C01959,68,Male,48,Month-to-month,164.46,8813.67,Card,DSL,1,4,1,173.23,43,8,1
C01960,52,Male,14,One year,103.39,1655.39,Card,Fiber,2,0,0,52.26,22,3,1
C01961,65,Male,61,Month-to-month,138.25,8390.24,Electronic,None,2,1,1,111.75,25,6,0
C01962,48,Male,72,One year,135.7,10065.77,Electronic,DSL,4,0,1,152.54,1,9,0
C01963,54,Female,11,Month-to-month,150.14,1547.62,Bank Transfer,DSL,0,2,0,180.04,29,8,1
C01964,26,Female,59,Month-to-month,80.58,5246.78,Cash,DSL,4,0,0,154.23,43,6,0
C01965,75,Male,59,One year,147.65,9261.76,Card,Fiber,1,1,0,126.01,31,6,1
C01966,19,Other,54,One year,174.63,10629.2,Electronic,Fiber,1,1,1,98.71,0,7,0
C01967,74,Female,27,One year,100.95,2811.39,Bank Transfer,DSL,1,1,2,180.89,11,5,1
C01968,51,Male,34,Month-to-month,111.21,4017.99,Cash,Fiber,1,1,2,82.3,20,7,0
C01969,37,Female,61,Month-to-month,91.68,4913.2,Card,DSL,0,1,1,83.13,9,7,0
C01970,42,Male,12,Two year,97.87,1212.1,Electronic,DSL,3,0,1,204.39,56,6,1
C01971,22,Female,60,Month-to-month,169.9,9817.17,Electronic,DSL,2,0,4,149.81,11,9,1
C01972,41,Male,67,Month-to-month,74.85,5027.24,Cash,DSL,0,1,1,151.76,17,5,0
C01973,22,Male,50,One year,77.03,3650.92,Electronic,Fiber,1,0,0,162.92,9,4,1
C01974,42,Male,25,Month-to-month,166.38,3894.05,Electronic,Fiber,1,0,0,124.78,21,6,1
C01975,25,Other,41,One year,131.86,5926.39,Bank Transfer,Fiber,2,0,2,50.93,39,7,0
C01976,24,Female,4,Month-to-month,184.21,749.59,Card,Fiber,2,0,2,143.81,20,7,0
C01977,59,Female,68,One year,94.23,5933.53,Electronic,Fiber,1,1,1,129.0,15,7,0
C01978,28,Female,25,Two year,114.42,3089.38,Card,Fiber,1,0,1,82.75,2,5,0
C01979,37,Female,5,Two year,86.88,378.97,Cash,Fiber,1,1,1,70.1,36,5,0
C01980,56,Female,58,One year,115.02,6256.94,Bank Transfer,Fiber,2,2,1,127.44,16,6,0
C01981,47,Male,48,Month-to-month,47.91,2186.59,Electronic,None,3,1,0,55.32,15,6,0
C01982,47,Male,45,One year,133.97,5445.67,Bank Transfer,Fiber,0,2,0,122.11,0,9,0
C01983,43,Female,4,Two year,121.32,535.18,Card,Fiber,3,1,1,115.48,16,7,0
C01984,53,Other,55,One year,107.99,6249.05,Electronic,DSL,2,2,0,123.45,12,6,1
C01985,55,Female,46,One year,96.34,4657.92,Electronic,Fiber,0,3,0,152.15,0,9,1
C01986,25,Other,58,One year,78.68,4690.57,Cash,DSL,3,2,1,164.21,33,8,0
C01987,73,Female,60,One year,135.47,7831.42,Electronic,DSL,4,2,0,90.87,10,5,0
C01988,65,Male,16,One year,69.01,1156.86,Electronic,DSL,0,1,0,177.84,46,1,1
C01989,42,Female,16,Month-to-month,127.92,2191.74,Card,Fiber,2,2,1,117.93,39,5,0
C01990,39,Female,67,Month-to-month,182.61,12375.83,Bank Transfer,Fiber,2,0,0,226.43,7,8,0
C01991,60,Female,39,One year,161.99,6262.25,Electronic,None,2,0,2,97.8,39,9,1
C01992,53,Female,32,Month-to-month,57.32,1682.12,Bank Transfer,None,1,1,2,41.38,42,4,1
C01993,64,Male,21,Two year,91.21,1676.44,Bank Transfer,DSL,2,3,4,175.85,10,8,0
C01994,45,Female,47,One year,124.75,5056.44,Bank Transfer,Fiber,1,1,2,153.41,3,8,1
C01995,43,Male,55,Month-to-month,107.54,6294.87,Bank Transfer,Fiber,0,1,0,196.09,0,10,1
C01996,45,Female,1,One year,61.02,58.25,Electronic,DSL,0,1,0,147.03,24,9,0
C01997,35,Female,40,One year,123.49,5248.27,Bank Transfer,Fiber,0,0,2,258.7,3,9,0
C01998,63,Male,72,One year,109.65,7913.48,Card,None,1,2,1,119.61,24,8,0
C01999,64,Male,21,Month-to-month,177.0,3657.8,Electronic,None,2,1,1,187.55,9,8,1
C02000,24,Male,21,Two year,101.14,2206.02,Electronic,Fiber,2,0,1,101.1,6,6,0
C02001,23,Female,64,Month-to-month,150.88,8738.76,Card,Fiber,3,1,0,157.05,10,8,0
C02002,22,Male,5,One year,65.65,375.5,Electronic,Fiber,0,1,0,167.29,0,5,0
C02003,37,Female,29,Month-to-month,74.02,2037.24,Card,Fiber,1,1,2,175.79,10,7,1
C02004,23,Female,33,One year,135.26,4823.97,Electronic,Fiber,1,1,1,172.7,7,8,1
C02005,51,Male,58,One year,147.93,7930.99,Card,DSL,2,1,0,10.0,18,10,0
C02006,75,Female,10,One year,76.49,757.55,Electronic,Fiber,1,0,1,126.22,20,6,0
C02007,58,Female,32,Month-to-month,110.84,3546.23,Card,Fiber,2,0,0,98.37,2,9,0
C02008,71,Female,11,One year,61.64,638.76,Card,Fiber,2,0,1,109.22,35,7,0
C02009,26,Male,57,One year,103.66,5640.14,Electronic,Fiber,2,0,0,114.41,16,9,0
C02010,58,Female,46,Month-to-month,139.29,6283.05,Cash,DSL,0,1,0,183.76,41,6,1
C02011,60,Female,36,Two year,94.78,3756.07,Card,None,1,0,1,141.14,22,8,0
C02012,43,Female,29,One year,101.28,2937.27,Bank Transfer,Fiber,1,1,0,102.09,19,7,1
C02013,61,Male,12,Two year,70.46,741.13,Electronic,DSL,2,0,2,49.25,11,5,1
C02014,22,Female,67,Two year,87.31,5352.4,Bank Transfer,Fiber,2,1,0,214.32,27,7,0
C02015,53,Other,47,Two year,171.53,9237.6,Bank Transfer,DSL,3,0,1,94.4,19,9,1
C02016,65,Female,23,One year,112.55,2270.19,Electronic,Fiber,0,1,2,122.81,31,5,1
C02017,40,Female,30,One year,74.92,2347.19,Cash,Fiber,3,0,1,247.64,42,4,1
C02018,28,Male,53,Month-to-month,98.98,4791.51,Electronic,Fiber,1,0,2,95.89,7,8,0
C02019,18,Female,52,Month-to-month,54.09,2755.24,Bank Transfer,DSL,1,0,0,114.84,27,4,1
C02020,33,Male,34,One year,74.5,2424.49,Card,Fiber,1,1,1,142.77,27,10,0
C02021,65,Female,22,Month-to-month,157.61,3963.84,Electronic,Fiber,2,0,0,41.67,25,10,1
C02022,66,Female,48,Two year,105.01,5118.16,Card,DSL,2,0,0,35.3,12,9,0
C02023,53,Female,48,Month-to-month,176.18,7821.98,Electronic,DSL,4,1,0,103.51,12,7,1
C02024,32,Other,44,Month-to-month,106.66,4838.99,Bank Transfer,Fiber,2,1,1,105.41,9,10,1
C02025,33,Female,6,Month-to-month,108.74,568.55,Bank Transfer,Fiber,1,1,0,137.38,9,9,1
C02026,66,Male,35,Month-to-month,132.43,5228.36,Card,DSL,0,0,0,76.21,5,6,1
C02027,51,Female,45,Month-to-month,25.0,1072.43,Electronic,Fiber,1,1,2,153.87,16,10,0
C02028,63,Female,69,Month-to-month,117.17,9014.79,Cash,Fiber,1,1,2,11.38,7,5,0
C02029,39,Female,38,Two year,108.29,4496.55,Bank Transfer,Fiber,2,1,0,126.13,25,7,1
C02030,66,Male,25,Month-to-month,162.01,3669.71,Bank Transfer,DSL,2,1,0,149.81,19,4,1
C02031,45,Male,41,Month-to-month,143.76,6711.8,Electronic,None,4,2,0,148.06,21,7,1
C02032,57,Male,13,Month-to-month,70.32,1049.01,Card,DSL,1,2,1,121.05,14,6,0
C02033,67,Male,7,Month-to-month,153.47,1172.72,Electronic,DSL,1,0,1,93.68,19,6,1
C02034,38,Male,49,Month-to-month,100.82,4868.24,Bank Transfer,DSL,3,1,1,119.45,14,7,1
C02035,63,Male,72,One year,78.34,5932.76,Electronic,Fiber,4,0,0,197.87,30,6,0
C02036,55,Female,61,One year,116.9,6233.73,Electronic,None,2,1,0,97.03,11,7,0
C02037,46,Female,43,Month-to-month,102.9,4983.85,Electronic,Fiber,0,1,1,183.8,24,9,1
C02038,66,Male,3,One year,163.85,450.51,Electronic,DSL,2,0,2,192.55,0,5,1
C02039,43,Female,72,Month-to-month,121.92,9349.07,Card,Fiber,2,1,1,34.53,29,9,0
C02040,61,Male,33,Month-to-month,117.2,4217.39,Bank Transfer,DSL,0,1,0,122.95,10,7,1
C02041,22,Male,21,Two year,141.52,3390.65,Cash,None,1,1,0,76.22,4,8,0
C02042,67,Female,65,Month-to-month,148.25,10572.38,Electronic,DSL,2,1,1,47.4,1,7,0
C02043,73,Female,54,Two year,137.43,8129.07,Electronic,None,3,0,2,173.56,0,6,1
C02044,75,Male,54,Month-to-month,159.68,9154.08,Electronic,DSL,0,0,2,156.03,11,8,1
C02045,66,Female,20,Month-to-month,131.3,2686.46,Bank Transfer,Fiber,0,0,0,144.49,40,8,1
C02046,58,Male,72,Month-to-month,115.87,7195.93,Cash,Fiber,1,1,0,70.3,8,6,0
C02047,60,Male,33,Month-to-month,153.37,5778.98,Electronic,DSL,3,0,0,141.58,0,5,1
C02048,71,Male,39,Two year,106.82,4102.15,Electronic,Fiber,6,1,1,57.92,23,7,0
C02049,60,Male,55,Month-to-month,111.16,6658.37,Cash,Fiber,2,0,0,134.25,1,8,0
C02050,33,Other,48,Two year,170.26,7871.39,Card,Fiber,1,0,3,93.61,30,9,1
C02051,27,Female,13,Two year,166.77,2139.4,Electronic,None,1,0,1,187.79,12,9,1
C02052,74,Male,22,One year,109.71,2386.44,Electronic,DSL,3,2,1,110.03,14,8,1
C02053,26,Female,27,Month-to-month,94.13,2914.98,Electronic,Fiber,4,1,0,142.72,36,7,0
C02054,70,Female,69,Month-to-month,161.21,10160.31,Electronic,DSL,4,1,2,142.84,27,7,1
C02055,72,Male,52,Month-to-month,138.01,7180.56,Card,DSL,2,0,1,125.83,0,5,0
C02056,20,Other,27,One year,121.05,2929.66,Bank Transfer,None,2,0,0,135.79,2,6,0
C02057,64,Female,53,Month-to-month,98.73,5223.7,Electronic,Fiber,1,0,0,146.71,0,7,0
C02058,52,Male,54,Two year,121.61,6657.46,Card,DSL,1,1,0,80.7,57,7,1
C02059,40,Female,29,One year,109.24,2822.64,Electronic,Fiber,0,0,0,152.16,5,7,1
C02060,47,Female,30,Month-to-month,86.75,2757.23,Electronic,DSL,1,0,0,177.51,36,5,1
C02061,42,Male,65,One year,114.52,8175.99,Electronic,None,0,5,1,151.85,10,5,1
C02062,65,Male,41,Month-to-month,119.29,5354.58,Electronic,Fiber,1,0,2,110.52,2,8,0
C02063,41,Female,11,Two year,96.86,1138.74,Cash,Fiber,0,0,1,139.59,18,5,1
C02064,25,Female,52,Month-to-month,141.63,6571.5,Electronic,Fiber,3,0,1,109.99,13,6,1
C02065,41,Male,43,Two year,155.11,6912.74,Electronic,Fiber,2,1,0,123.47,30,7,1
C02066,48,Other,37,One year,143.95,5642.95,Bank Transfer,Fiber,1,0,0,64.68,30,5,0
C02067,44,Male,53,Two year,100.33,5731.3,Electronic,DSL,3,1,1,205.9,9,9,0
C02068,47,Female,66,Month-to-month,136.45,9571.7,Electronic,Fiber,3,0,1,236.45,0,5,0
C02069,75,Female,24,Two year,112.73,2810.03,Electronic,DSL,2,0,1,91.28,0,7,0
C02070,40,Male,31,Month-to-month,66.75,2210.59,Electronic,DSL,3,1,0,173.24,0,6,0
C02071,65,Female,14,One year,133.55,2067.25,Electronic,DSL,1,0,0,210.18,14,7,0
C02072,75,Male,47,Month-to-month,115.11,5522.9,Card,Fiber,0,0,0,77.33,18,6,1
C02073,66,Female,29,Month-to-month,200.77,5202.88,Electronic,DSL,2,1,2,11.29,1,7,0
C02074,49,Female,25,Month-to-month,161.0,4406.64,Electronic,DSL,3,0,1,213.42,0,9,1
C02075,75,Female,51,Month-to-month,134.89,7211.71,Bank Transfer,Fiber,2,2,4,129.43,18,6,1
C02076,41,Female,30,Month-to-month,118.72,3761.02,Electronic,Fiber,4,0,0,101.43,9,6,0
C02077,34,Male,34,One year,115.73,3691.9,Electronic,DSL,1,0,1,132.6,15,6,1
C02078,67,Male,32,Month-to-month,74.87,2144.06,Electronic,Fiber,2,1,0,109.7,12,10,0
C02079,71,Male,19,One year,49.14,1012.2,Electronic,Fiber,3,2,0,292.77,22,7,1
C02080,26,Female,10,Month-to-month,79.46,687.19,Card,Fiber,1,0,3,100.81,10,9,0
C02081,36,Female,60,One year,108.33,6309.38,Electronic,None,1,3,0,148.0,11,7,1
C02082,34,Female,7,One year,36.31,254.82,Electronic,DSL,4,3,0,201.07,0,9,0
C02083,65,Male,24,Month-to-month,90.95,1866.77,Card,DSL,2,1,1,200.81,17,8,0
C02084,34,Other,49,One year,101.33,5109.84,Bank Transfer,Fiber,3,2,2,190.28,19,8,0
C02085,56,Male,10,Two year,102.46,907.68,Card,DSL,2,0,1,106.59,15,4,1
C02086,72,Other,48,One year,86.84,3844.99,Electronic,Fiber,2,0,1,121.63,47,4,0
C02087,70,Male,53,Month-to-month,98.05,5965.94,Electronic,None,1,2,2,10.4,20,9,1
C02088,69,Male,48,Month-to-month,170.34,8323.98,Electronic,DSL,2,0,0,125.9,16,9,0
C02089,48,Female,22,One year,133.18,3341.44,Electronic,DSL,2,1,4,131.8,25,10,1
C02090,53,Male,2,Month-to-month,90.39,180.38,Electronic,None,2,0,0,170.79,50,4,1
C02091,60,Female,64,One year,107.61,7513.8,Card,None,0,0,1,228.75,22,8,0
C02092,36,Female,24,Month-to-month,109.01,2253.6,Cash,Fiber,3,0,1,169.12,0,5,1
C02093,47,Male,58,One year,83.12,4519.15,Bank Transfer,Fiber,2,0,0,188.89,24,6,0
C02094,45,Male,15,Month-to-month,83.08,1165.16,Electronic,DSL,1,1,0,129.04,5,6,1
C02095,64,Male,12,Month-to-month,145.37,1519.28,Bank Transfer,Fiber,1,1,3,200.64,0,8,1
C02096,51,Female,57,Two year,95.31,6169.35,Electronic,Fiber,1,0,1,130.61,43,6,1
C02097,43,Male,68,Two year,71.69,4881.47,Bank Transfer,Fiber,2,0,0,192.73,40,7,0
C02098,49,Male,62,Two year,108.49,6913.99,Card,DSL,0,0,1,174.25,4,8,0
C02099,27,Male,55,Two year,114.13,6315.7,Card,DSL,2,0,1,151.6,5,9,0
C02100,32,Female,18,Month-to-month,40.96,681.59,Electronic,Fiber,0,1,0,45.26,20,8,0
C02101,64,Male,66,Month-to-month,108.57,8078.03,Bank Transfer,DSL,2,1,1,190.13,5,8,0
C02102,25,Male,49,Month-to-month,140.38,7227.32,Card,Fiber,2,0,0,150.8,16,7,1
C02103,57,Male,13,Month-to-month,125.79,1450.65,Card,None,3,0,0,168.64,7,6,1
C02104,70,Female,10,Month-to-month,188.04,1858.87,Card,Fiber,0,1,0,147.24,12,8,1
C02105,57,Female,63,Two year,153.79,8239.68,Electronic,DSL,3,1,1,156.73,0,5,1
C02106,55,Male,20,Month-to-month,160.71,3382.75,Card,None,1,1,1,201.54,30,7,1
C02107,59,Female,56,Month-to-month,208.0,11730.58,Electronic,DSL,2,0,1,103.93,36,5,1
C02108,26,Female,10,Month-to-month,136.54,1530.92,Electronic,DSL,2,0,2,155.72,16,7,1
C02109,25,Female,21,Month-to-month,115.71,2755.95,Card,Fiber,2,0,1,87.24,17,5,1
C02110,75,Male,21,Month-to-month,144.08,2660.96,Electronic,Fiber,2,0,1,161.72,27,6,1
C02111,42,Male,21,One year,90.43,1665.1,Electronic,Fiber,1,1,0,143.82,18,6,1
C02112,41,Female,49,Month-to-month,113.77,6242.12,Electronic,DSL,0,1,0,95.3,44,6,1
C02113,27,Male,66,One year,87.33,5784.67,Card,None,2,0,0,135.15,0,7,0
C02114,60,Female,66,Two year,123.93,8104.94,Cash,Fiber,1,1,0,98.72,31,3,1
C02115,19,Male,54,One year,87.18,4807.87,Card,Fiber,5,0,1,109.21,16,4,1
C02116,28,Male,15,One year,85.96,1276.37,Bank Transfer,DSL,2,0,2,149.51,1,8,0
C02117,31,Female,70,Month-to-month,124.47,9011.7,Electronic,Fiber,2,0,0,144.76,52,7,1
C02118,72,Male,40,Month-to-month,105.18,4774.0,Electronic,DSL,2,0,0,24.37,54,6,0
C02119,73,Male,40,Month-to-month,42.54,1755.57,Electronic,Fiber,1,1,1,150.38,15,9,0
C02120,22,Female,51,Two year,59.06,2849.86,Electronic,DSL,1,1,0,113.32,25,6,0
C02121,26,Male,56,One year,69.85,3575.04,Cash,Fiber,0,1,2,107.21,11,6,1
C02122,73,Female,69,Month-to-month,79.1,6220.79,Electronic,DSL,1,2,2,68.01,13,6,0
C02123,54,Female,42,Month-to-month,124.5,5353.76,Electronic,DSL,3,0,0,127.5,1,10,0
C02124,60,Female,44,Two year,117.66,5280.71,Card,Fiber,0,2,1,101.23,0,7,0
C02125,50,Female,54,One year,147.28,6839.9,Bank Transfer,DSL,3,1,1,200.04,46,7,1
C02126,31,Male,19,One year,136.35,2915.78,Card,Fiber,1,1,3,33.78,17,8,1
C02127,60,Female,23,Two year,147.52,3361.94,Electronic,DSL,1,1,0,76.98,19,4,0
C02128,28,Female,46,One year,131.29,6944.99,Cash,DSL,1,0,0,73.26,6,6,0
C02129,19,Male,5,One year,117.34,528.24,Electronic,Fiber,1,0,1,144.23,21,8,0
C02130,66,Female,24,Month-to-month,148.48,3377.66,Electronic,DSL,2,0,0,194.52,0,7,1
C02131,40,Male,52,Month-to-month,142.18,6750.28,Bank Transfer,Fiber,3,1,1,157.67,6,10,1
C02132,20,Male,71,Two year,123.16,8426.99,Cash,Fiber,3,1,0,69.79,0,6,0
C02133,43,Male,38,One year,154.49,6709.95,Cash,Fiber,2,0,2,106.39,37,9,1
C02134,24,Male,29,Month-to-month,27.9,788.34,Card,Fiber,1,0,0,85.5,0,8,0
C02135,45,Female,32,One year,99.83,3508.18,Bank Transfer,DSL,1,0,2,157.93,0,7,0
C02136,57,Female,50,Month-to-month,99.3,5345.08,Electronic,DSL,3,0,2,105.27,0,8,1
C02137,37,Male,40,One year,150.34,5649.23,Bank Transfer,Fiber,1,0,0,52.3,5,6,0
C02138,22,Male,2,Month-to-month,165.0,337.91,Bank Transfer,Fiber,2,0,1,162.16,11,3,1
C02139,69,Male,39,One year,59.24,2554.29,Electronic,Fiber,1,0,0,199.48,33,8,0
C02140,49,Other,29,Month-to-month,159.39,4776.71,Electronic,DSL,2,1,0,120.17,15,8,1
C02141,19,Female,51,Month-to-month,69.0,3270.81,Bank Transfer,None,2,1,1,136.62,12,8,0
C02142,51,Male,64,Month-to-month,70.06,4972.18,Electronic,DSL,2,0,2,47.15,22,7,1
C02143,71,Female,70,One year,101.8,7246.07,Cash,Fiber,1,0,2,16.74,11,9,0
C02144,19,Female,44,Month-to-month,98.86,4976.37,Bank Transfer,Fiber,1,1,3,28.3,54,5,1
C02145,63,Female,27,Month-to-month,55.46,1567.2,Bank Transfer,Fiber,1,0,2,127.54,9,10,0
C02146,39,Female,32,One year,132.75,4182.68,Electronic,DSL,4,0,0,113.06,24,5,1
C02147,59,Male,13,Month-to-month,133.78,1705.69,Bank Transfer,None,1,0,1,160.04,30,7,1
C02148,19,Male,68,Month-to-month,146.89,11127.64,Bank Transfer,DSL,0,0,0,119.13,9,8,0
C02149,70,Female,62,Month-to-month,94.83,6727.08,Electronic,None,3,1,0,184.33,20,6,1
C02150,74,Female,62,Two year,108.61,6553.0,Electronic,Fiber,2,0,2,177.97,10,8,0
C02151,49,Male,24,Month-to-month,108.94,2350.14,Bank Transfer,Fiber,5,0,0,112.26,22,6,0
C02152,30,Female,24,Month-to-month,169.08,3497.65,Electronic,DSL,0,0,0,74.81,20,7,1
C02153,26,Female,62,Month-to-month,25.0,1467.4,Electronic,Fiber,3,0,0,24.61,16,7,0
C02154,58,Female,40,Month-to-month,76.51,2915.2,Electronic,Fiber,0,0,1,208.85,1,6,1
C02155,64,Female,51,Month-to-month,110.19,5494.9,Electronic,Fiber,3,0,1,78.16,46,10,0
C02156,57,Male,36,Month-to-month,72.01,2316.13,Card,DSL,1,0,0,47.7,27,5,1
C02157,46,Male,32,Month-to-month,100.96,3223.57,Electronic,Fiber,2,1,1,137.14,0,3,1
C02158,62,Male,46,Month-to-month,105.59,5503.05,Card,None,1,0,0,48.19,12,6,0
C02159,60,Male,59,Two year,86.98,4720.04,Bank Transfer,DSL,2,1,0,137.09,0,7,0
C02160,37,Female,25,Month-to-month,112.26,2961.96,Card,DSL,1,2,1,111.5,29,6,1
C02161,63,Male,59,Month-to-month,131.99,6707.79,Card,Fiber,5,0,3,180.8,18,9,1
C02162,28,Male,18,Two year,101.73,1910.15,Electronic,Fiber,1,1,2,176.02,18,9,0
C02163,65,Male,30,Two year,94.14,3194.83,Electronic,DSL,1,0,2,190.68,5,6,1
C02164,48,Female,66,One year,104.2,6428.03,Card,Fiber,2,1,1,141.34,13,4,1
C02165,61,Male,69,Month-to-month,109.74,8290.41,Bank Transfer,Fiber,1,3,1,82.79,30,5,1
C02166,58,Male,67,Month-to-month,49.09,2876.96,Bank Transfer,Fiber,3,1,0,72.97,34,7,1
C02167,23,Female,23,Month-to-month,126.15,2778.15,Card,DSL,1,4,0,100.81,31,4,1
C02168,61,Female,61,Month-to-month,94.21,4896.6,Electronic,DSL,1,0,0,239.69,0,6,1
C02169,63,Female,68,Month-to-month,154.15,10026.81,Bank Transfer,DSL,2,1,0,116.29,15,10,0
C02170,20,Female,71,One year,130.69,8749.43,Cash,DSL,2,0,0,138.86,22,8,0
C02171,31,Male,2,Month-to-month,150.95,319.36,Cash,Fiber,3,0,1,213.52,7,7,1
C02172,61,Male,54,One year,74.61,3780.81,Cash,Fiber,2,1,2,144.0,0,5,0
C02173,38,Male,72,Month-to-month,97.0,7661.06,Electronic,Fiber,2,0,0,88.82,0,7,0
C02174,24,Female,56,Month-to-month,66.51,3491.75,Bank Transfer,DSL,5,0,0,170.16,40,7,1
C02175,67,Female,17,One year,85.32,1330.02,Electronic,Fiber,2,0,0,106.43,0,7,0
C02176,48,Female,55,Two year,153.82,8446.41,Electronic,None,2,0,1,145.9,19,8,0
C02177,40,Female,8,Month-to-month,162.06,1357.35,Card,Fiber,0,0,1,158.17,16,9,0
C02178,50,Male,35,One year,69.82,2728.5,Electronic,Fiber,2,1,1,102.81,16,7,1
C02179,41,Female,46,Month-to-month,93.96,4728.68,Electronic,DSL,3,0,2,140.25,13,8,1
C02180,25,Female,33,Month-to-month,107.33,3568.03,Electronic,Fiber,1,0,2,218.0,30,6,1
C02181,50,Female,51,One year,130.5,7610.26,Electronic,Fiber,1,1,0,95.54,19,9,0
C02182,73,Female,18,Month-to-month,48.41,818.13,Electronic,Fiber,1,0,1,202.43,9,5,1
C02183,73,Male,44,Month-to-month,53.89,2726.7,Card,Fiber,3,0,0,97.52,19,7,0
C02184,55,Male,47,Month-to-month,127.14,5769.61,Electronic,Fiber,1,1,1,229.11,0,9,0
C02185,27,Male,46,Month-to-month,41.78,1785.05,Card,Fiber,1,2,0,82.95,25,6,0
C02186,30,Male,21,Month-to-month,94.36,1911.93,Card,Fiber,4,1,1,108.34,8,5,1
C02187,36,Male,22,Month-to-month,115.67,2610.33,Electronic,DSL,2,0,1,212.95,9,6,1
C02188,20,Male,19,Two year,124.55,2347.91,Bank Transfer,DSL,1,0,0,215.37,26,10,1
C02189,26,Male,34,One year,105.04,3089.42,Electronic,Fiber,0,0,2,175.01,12,3,0
C02190,62,Other,43,Month-to-month,97.2,3998.99,Bank Transfer,None,1,0,3,70.5,13,7,1
C02191,42,Male,27,Month-to-month,139.56,3758.87,Cash,Fiber,5,0,0,134.53,36,6,1
C02192,66,Other,30,One year,119.98,3775.8,Cash,None,4,1,2,130.07,3,7,1
C02193,21,Female,21,Month-to-month,87.35,2083.77,Card,None,2,1,0,82.93,25,6,1
C02194,23,Male,16,Month-to-month,111.32,2024.73,Bank Transfer,DSL,2,0,1,168.33,32,9,0
C02195,58,Male,48,One year,123.41,5948.66,Electronic,Fiber,2,0,0,87.28,36,7,0
C02196,32,Male,59,Month-to-month,170.14,10246.22,Cash,None,3,1,1,59.02,51,9,1
C02197,31,Male,21,Month-to-month,137.52,3059.52,Electronic,Fiber,2,1,1,40.85,8,9,1
C02198,55,Male,62,Month-to-month,152.51,10406.8,Card,Fiber,2,0,2,224.18,5,7,0
C02199,70,Female,42,Month-to-month,88.63,3996.26,Card,None,4,1,1,101.92,30,6,1
C02200,42,Male,13,Month-to-month,91.65,1270.32,Bank Transfer,Fiber,2,0,0,103.08,32,8,1
C02201,62,Female,27,Two year,101.76,2704.11,Bank Transfer,Fiber,3,0,2,73.31,6,8,0
C02202,37,Female,1,Month-to-month,104.97,116.59,Electronic,DSL,2,0,1,205.24,25,5,1
C02203,66,Female,3,One year,74.72,235.09,Electronic,None,3,0,0,54.09,59,7,1
C02204,42,Other,25,One year,154.31,3463.28,Bank Transfer,DSL,3,0,0,63.77,20,7,1
C02205,26,Male,33,Month-to-month,140.92,4787.51,Cash,None,3,1,2,112.3,32,6,1
C02206,47,Male,58,Month-to-month,99.3,5432.15,Electronic,Fiber,1,0,0,128.81,42,6,1
C02207,34,Other,10,Month-to-month,132.46,1206.6,Bank Transfer,DSL,0,0,0,166.22,56,6,1
C02208,28,Other,61,One year,117.8,7506.77,Card,DSL,3,1,1,92.84,22,9,0
C02209,28,Female,17,Month-to-month,135.19,2396.38,Electronic,Fiber,1,1,0,214.94,37,6,1
C02210,40,Female,10,One year,62.95,715.36,Electronic,Fiber,0,2,0,93.22,6,9,0
C02211,18,Male,51,Two year,104.9,6114.33,Bank Transfer,Fiber,1,2,1,74.53,18,7,0
C02212,22,Female,56,One year,107.97,5880.8,Electronic,Fiber,0,0,1,69.29,11,5,0
C02213,52,Male,44,Two year,131.83,5240.99,Bank Transfer,DSL,1,0,1,87.44,0,7,0
C02214,18,Female,9,One year,88.0,706.61,Electronic,Fiber,2,0,1,65.73,0,5,0
C02215,62,Female,9,Two year,25.0,257.01,Card,DSL,3,1,0,171.3,24,8,0
C02216,74,Male,29,Two year,72.14,2026.73,Electronic,None,2,0,1,74.95,25,7,0
C02217,28,Female,33,One year,107.86,3391.61,Bank Transfer,DSL,0,1,1,122.69,2,9,1
C02218,21,Female,72,One year,112.24,8374.68,Electronic,DSL,1,1,0,73.37,41,10,0
C02219,30,Male,21,Two year,168.93,3076.42,Electronic,DSL,0,1,1,65.4,1,4,1
C02220,20,Female,14,Month-to-month,130.4,1905.92,Card,None,3,0,0,190.86,22,6,1
C02221,33,Female,69,One year,112.85,8664.67,Card,DSL,0,1,1,218.15,12,5,0
C02222,69,Male,12,Month-to-month,108.87,1394.29,Card,Fiber,3,0,1,199.8,20,10,0
C02223,65,Male,2,Two year,148.65,289.93,Electronic,DSL,0,0,2,49.08,31,6,1
C02224,74,Male,31,Month-to-month,89.35,2450.78,Electronic,DSL,2,1,1,56.71,29,5,1
C02225,65,Male,29,One year,105.09,2811.03,Electronic,DSL,1,0,1,238.81,29,10,0
C02226,66,Male,45,One year,71.88,3006.8,Electronic,Fiber,4,0,4,116.01,27,6,0
C02227,52,Female,64,Two year,159.66,9865.58,Electronic,DSL,4,0,2,54.39,0,4,1
C02228,26,Male,68,Month-to-month,123.74,7488.63,Electronic,None,4,1,1,189.52,35,5,1
C02229,62,Female,21,One year,85.24,1830.6,Card,None,2,2,1,133.71,2,7,0
C02230,55,Male,71,One year,105.99,7223.75,Electronic,Fiber,1,1,2,161.32,16,7,1
C02231,73,Female,46,Two year,127.84,5874.14,Electronic,Fiber,3,2,0,10.0,13,5,0
C02232,58,Male,6,Two year,101.22,568.2,Bank Transfer,Fiber,1,0,1,112.05,23,6,1
C02233,49,Female,68,One year,91.29,6122.04,Bank Transfer,DSL,0,0,1,182.18,11,7,1
C02234,62,Male,10,One year,87.1,926.57,Card,Fiber,2,1,1,94.78,16,9,0
C02235,56,Female,43,Month-to-month,121.86,4592.81,Electronic,None,1,1,1,197.93,42,8,1
C02236,24,Female,57,Two year,97.47,5572.51,Card,DSL,1,1,3,57.58,0,6,0
C02237,53,Other,18,Month-to-month,94.12,1754.27,Electronic,Fiber,0,0,0,123.81,18,7,1
C02238,40,Male,20,One year,63.24,1328.38,Card,Fiber,3,0,2,220.47,1,8,0
C02239,27,Female,35,One year,112.72,4445.5,Cash,DSL,5,1,1,66.7,28,10,1
C02240,34,Male,64,Month-to-month,103.66,7193.55,Card,DSL,1,3,0,144.93,7,5,0
C02241,66,Male,17,Month-to-month,98.74,1798.97,Cash,DSL,6,3,3,162.18,19,9,1
C02242,55,Female,48,Month-to-month,116.96,6233.71,Electronic,DSL,1,1,1,135.03,0,6,0
C02243,21,Male,33,Two year,136.18,5052.66,Electronic,DSL,0,0,1,116.25,37,4,1
C02244,37,Female,9,Month-to-month,134.55,1334.28,Electronic,Fiber,1,2,1,81.8,19,4,1
C02245,57,Male,52,Month-to-month,129.35,6955.98,Electronic,Fiber,3,0,2,140.81,20,9,1
C02246,47,Female,60,One year,101.58,6721.9,Electronic,Fiber,3,1,0,124.35,30,10,0
C02247,63,Female,42,Month-to-month,90.16,3589.32,Cash,Fiber,4,0,1,51.0,0,6,1
C02248,54,Female,13,Two year,73.46,1084.51,Card,DSL,2,2,0,190.49,9,7,1
C02249,20,Female,12,Month-to-month,89.24,965.97,Cash,Fiber,1,1,0,79.95,21,4,0
C02250,68,Female,31,Month-to-month,110.69,3152.58,Bank Transfer,DSL,2,0,1,52.43,0,8,0
C02251,51,Female,37,Month-to-month,82.48,2739.13,Bank Transfer,Fiber,1,2,1,97.24,0,7,0
C02252,71,Female,40,Month-to-month,113.36,4911.31,Cash,Fiber,1,0,0,80.9,6,4,1
C02253,30,Female,18,Month-to-month,76.21,1344.81,Electronic,Fiber,2,0,1,115.8,1,7,1
C02254,58,Female,37,One year,51.87,2056.05,Bank Transfer,Fiber,2,0,1,61.67,13,4,0
C02255,19,Male,22,Month-to-month,138.68,3060.15,Card,Fiber,1,0,0,154.64,26,8,1
C02256,27,Male,50,Month-to-month,93.4,4534.27,Card,None,4,0,0,205.96,29,5,1
C02257,69,Female,58,Month-to-month,80.7,5237.43,Card,Fiber,2,1,1,135.82,45,8,0
C02258,69,Female,47,Month-to-month,71.72,3302.01,Cash,Fiber,5,1,0,50.56,18,6,0
C02259,73,Female,1,Two year,124.81,129.24,Cash,None,4,2,0,79.77,20,3,1
C02260,29,Other,72,Month-to-month,158.12,12609.53,Electronic,Fiber,1,0,1,142.17,18,9,0
C02261,69,Female,2,Two year,95.89,175.25,Electronic,DSL,4,1,2,21.82,23,9,0
C02262,21,Female,72,Month-to-month,102.46,7161.51,Electronic,DSL,1,0,1,62.2,24,6,1
C02263,41,Female,3,Month-to-month,147.51,395.38,Bank Transfer,Fiber,3,0,3,39.39,32,7,1
C02264,43,Male,38,Month-to-month,46.63,1794.8,Electronic,Fiber,3,1,3,136.35,32,8,1
C02265,63,Male,8,Month-to-month,178.84,1555.01,Card,DSL,2,0,2,248.92,26,8,1
C02266,57,Female,7,One year,195.54,1186.08,Electronic,Fiber,2,0,3,60.65,41,10,1
C02267,38,Female,50,Month-to-month,25.0,1085.12,Cash,Fiber,2,1,1,174.9,18,8,0
C02268,26,Male,53,Month-to-month,106.59,6057.89,Bank Transfer,Fiber,1,2,0,98.99,9,6,1
C02269,39,Female,9,One year,84.84,811.54,Card,Fiber,3,0,2,57.39,11,8,0
C02270,35,Female,71,One year,100.73,6942.19,Electronic,None,0,2,1,216.03,16,6,1
C02271,56,Male,24,Two year,95.36,2192.91,Bank Transfer,None,1,0,2,248.79,2,5,1
C02272,22,Male,23,Two year,138.41,2975.3,Electronic,None,2,0,1,152.65,9,9,1
C02273,41,Female,22,One year,106.06,2026.56,Card,Fiber,0,0,0,149.94,1,8,0
C02274,53,Male,34,One year,78.12,2666.82,Cash,None,2,0,1,133.42,23,4,1
C02275,55,Male,13,One year,103.97,1398.72,Card,DSL,1,0,0,121.85,23,6,1
C02276,59,Female,31,Month-to-month,128.02,4403.53,Cash,DSL,2,0,0,148.7,0,8,1
C02277,34,Female,16,One year,68.57,1110.89,Electronic,DSL,2,3,2,167.19,8,4,1
C02278,48,Female,4,Month-to-month,52.38,187.65,Card,DSL,2,1,0,221.48,45,6,1
C02279,23,Female,27,One year,179.75,4573.86,Cash,Fiber,2,1,0,101.25,27,10,1
C02280,43,Female,49,Two year,87.52,4654.91,Bank Transfer,DSL,0,1,0,137.01,25,6,0
C02281,74,Female,55,Month-to-month,105.19,5990.74,Cash,DSL,1,1,0,125.14,8,9,0
C02282,67,Female,26,Two year,96.08,2701.18,Bank Transfer,Fiber,2,1,1,186.32,22,10,0
C02283,54,Male,24,Two year,129.18,3019.93,Electronic,Fiber,0,0,0,262.0,18,5,1
C02284,42,Male,57,Month-to-month,172.05,8534.35,Electronic,Fiber,4,0,2,188.22,6,7,1
C02285,70,Male,50,Month-to-month,130.3,7281.28,Bank Transfer,DSL,0,0,0,173.9,11,10,0
C02286,43,Male,60,Two year,56.86,3257.12,Bank Transfer,DSL,0,1,1,179.93,11,8,0
C02287,62,Male,66,Two year,61.56,3554.9,Bank Transfer,DSL,1,0,3,199.71,0,10,0
C02288,51,Male,60,Month-to-month,96.04,5912.37,Electronic,DSL,0,2,0,262.79,0,6,1
C02289,19,Male,68,Month-to-month,100.61,7342.33,Card,Fiber,5,1,1,37.3,15,10,0
C02290,58,Female,30,One year,49.73,1482.11,Card,DSL,2,0,0,162.98,5,7,0
C02291,69,Male,29,Month-to-month,138.68,4159.0,Electronic,Fiber,0,2,1,10.0,13,6,1
C02292,63,Male,24,Month-to-month,71.98,1684.61,Card,DSL,2,0,2,182.32,0,8,1
C02293,53,Female,17,Month-to-month,162.27,3018.1,Cash,Fiber,2,0,1,160.31,30,7,1
C02294,20,Female,54,Month-to-month,173.72,10179.46,Card,None,1,1,1,99.92,49,7,1
C02295,19,Female,52,One year,101.31,5615.83,Electronic,Fiber,1,0,1,10.0,33,8,0
C02296,67,Male,58,One year,125.36,6223.81,Card,DSL,0,2,0,129.21,35,4,0
C02297,45,Female,13,One year,66.88,873.73,Electronic,Fiber,2,0,1,142.26,27,6,1
C02298,44,Female,36,One year,131.83,5152.09,Card,Fiber,2,0,0,126.53,22,8,0
C02299,55,Male,16,Month-to-month,92.56,1367.66,Cash,DSL,1,1,1,95.82,19,9,1
C02300,70,Male,65,Month-to-month,71.95,4338.71,Card,Fiber,1,0,1,80.68,4,8,0
C02301,43,Male,20,Month-to-month,99.87,2239.71,Bank Transfer,Fiber,1,1,2,127.15,28,7,1
C02302,49,Male,11,Month-to-month,93.7,1136.35,Bank Transfer,Fiber,0,0,1,85.9,27,8,1
C02303,50,Male,42,Month-to-month,98.62,4748.57,Electronic,Fiber,2,1,0,174.51,11,9,1
C02304,45,Male,64,Month-to-month,143.24,9160.19,Card,Fiber,0,2,0,125.67,26,4,1
C02305,56,Female,66,Month-to-month,82.51,4832.02,Card,Fiber,4,2,0,35.14,8,6,0
C02306,29,Female,7,Month-to-month,170.73,1018.78,Electronic,Fiber,0,1,0,139.72,9,7,1
C02307,39,Female,24,One year,63.62,1621.38,Electronic,Fiber,2,0,4,152.78,30,7,1
C02308,45,Other,12,One year,166.54,2188.34,Bank Transfer,Fiber,1,1,0,218.99,24,3,1
C02309,48,Male,23,Two year,74.42,1674.88,Electronic,DSL,2,0,0,181.05,15,5,0
C02310,46,Female,39,One year,109.96,4193.15,Electronic,Fiber,2,1,2,80.57,13,7,1
C02311,42,Male,21,One year,92.84,2148.73,Card,Fiber,5,3,0,208.42,21,9,0
C02312,69,Female,5,Month-to-month,97.97,443.71,Cash,DSL,5,0,0,53.77,0,6,1
C02313,64,Female,37,One year,138.05,4438.81,Electronic,Fiber,1,1,1,131.55,7,6,0
C02314,69,Female,4,Month-to-month,162.49,740.78,Bank Transfer,Fiber,2,1,1,171.47,0,8,1
C02315,52,Female,17,Month-to-month,151.67,2611.16,Electronic,DSL,1,0,0,210.23,18,6,1
C02316,46,Female,1,Month-to-month,95.83,103.66,Electronic,DSL,2,0,0,233.89,34,9,1
C02317,42,Female,7,Month-to-month,116.45,926.35,Electronic,Fiber,0,1,2,200.11,25,7,1
C02318,68,Male,32,Month-to-month,82.63,2890.3,Electronic,Fiber,4,1,0,122.49,10,5,0
C02319,56,Male,62,One year,75.3,4622.97,Electronic,Fiber,0,0,0,161.88,7,10,0
C02320,67,Female,56,Two year,69.88,4087.14,Electronic,Fiber,0,1,0,142.34,7,9,0
C02321,67,Female,8,One year,94.68,787.53,Card,DSL,1,0,0,90.98,48,5,1
C02322,73,Male,3,One year,118.74,401.68,Electronic,DSL,4,2,0,123.64,19,8,1
C02323,49,Other,25,Month-to-month,43.09,961.18,Electronic,Fiber,3,1,2,228.88,21,6,1
C02324,38,Other,47,Month-to-month,108.38,5392.82,Electronic,DSL,3,0,3,165.54,0,8,1
C02325,70,Female,54,One year,163.06,9763.71,Bank Transfer,None,0,0,0,243.27,0,5,1
C02326,30,Female,60,Month-to-month,149.27,8577.4,Electronic,None,0,0,0,70.46,17,9,0
C02327,36,Male,25,Month-to-month,89.52,2377.81,Card,Fiber,1,0,1,109.01,11,9,0
C02328,72,Female,13,Month-to-month,61.11,734.8,Bank Transfer,None,2,0,0,152.84,20,5,0
C02329,59,Other,2,Two year,126.09,221.02,Electronic,Fiber,2,1,1,170.83,20,7,1
C02330,51,Male,11,One year,28.89,272.54,Electronic,Fiber,3,1,2,123.58,27,9,0
C02331,48,Male,5,Month-to-month,148.86,750.96,Card,Fiber,1,1,1,174.03,0,5,1
C02332,45,Female,62,One year,102.52,5501.57,Cash,Fiber,1,2,2,173.61,1,6,1
C02333,69,Male,20,Month-to-month,174.1,3578.46,Bank Transfer,Fiber,5,0,4,53.66,17,8,1
C02334,41,Other,60,Month-to-month,49.56,2862.34,Electronic,Fiber,3,0,0,171.44,8,7,0
C02335,45,Male,40,Month-to-month,142.14,4844.31,Electronic,DSL,1,1,0,189.03,13,4,1
C02336,22,Male,39,Month-to-month,106.48,3812.04,Electronic,DSL,1,0,4,146.29,20,6,1
C02337,24,Female,33,One year,98.41,3479.91,Electronic,DSL,1,1,0,28.8,7,10,1
C02338,29,Male,59,Month-to-month,62.06,3528.14,Cash,DSL,1,0,0,114.77,21,10,0
C02339,35,Female,4,One year,130.85,558.82,Electronic,Fiber,3,3,1,154.09,26,6,1
C02340,34,Male,7,Month-to-month,133.66,1024.07,Electronic,DSL,0,0,0,82.39,19,5,1
C02341,56,Female,31,One year,172.48,5823.18,Electronic,DSL,2,0,2,180.51,29,6,1
C02342,49,Male,29,One year,145.28,4428.81,Bank Transfer,Fiber,1,0,2,170.13,0,10,1
C02343,18,Female,40,One year,89.21,3832.54,Card,None,1,0,0,137.4,9,9,0
C02344,47,Other,54,One year,74.86,4127.35,Electronic,DSL,1,2,0,130.96,31,10,0
C02345,22,Male,43,Two year,62.1,2642.19,Electronic,DSL,2,0,0,140.61,5,9,0
C02346,49,Male,19,Month-to-month,161.56,2666.07,Electronic,DSL,1,0,1,129.78,3,5,1
C02347,20,Female,24,One year,82.76,2269.45,Electronic,DSL,2,0,2,59.3,16,5,0
C02348,22,Other,55,One year,161.81,9807.84,Cash,DSL,1,1,1,106.34,18,6,1
C02349,65,Male,15,Month-to-month,128.38,2024.98,Card,DSL,2,1,0,133.99,10,6,0
C02350,18,Other,37,Month-to-month,121.55,4691.63,Card,Fiber,0,0,4,208.02,46,6,1
C02351,74,Female,39,Month-to-month,99.26,3960.33,Card,Fiber,2,1,0,168.06,22,6,1
C02352,44,Female,55,Month-to-month,133.12,6430.92,Card,Fiber,1,0,0,210.98,4,8,0
C02353,65,Male,52,Month-to-month,109.46,5383.47,Bank Transfer,None,1,1,1,52.73,0,7,1
C02354,29,Female,34,Month-to-month,97.08,3141.83,Electronic,Fiber,2,0,0,110.41,24,9,1
C02355,45,Female,23,One year,134.36,3362.57,Card,Fiber,3,0,1,244.06,4,7,1
C02356,69,Female,27,Month-to-month,104.96,2923.18,Card,Fiber,1,0,1,89.14,50,6,1
C02357,22,Male,30,One year,82.06,2386.53,Electronic,Fiber,0,1,0,88.04,24,7,0
C02358,42,Female,16,Month-to-month,130.99,1987.81,Electronic,None,0,2,2,115.05,26,4,0
C02359,25,Female,46,One year,107.76,5483.23,Bank Transfer,DSL,1,0,0,241.0,22,3,0
C02360,38,Male,16,Month-to-month,127.11,2208.07,Cash,Fiber,2,0,2,93.07,35,8,1
C02361,74,Female,47,Month-to-month,94.11,4838.89,Electronic,DSL,2,0,1,160.66,0,9,0
C02362,49,Male,55,Month-to-month,67.68,3605.64,Electronic,None,2,0,0,151.56,0,7,0
C02363,37,Male,70,One year,170.73,11876.51,Card,DSL,2,1,0,23.93,34,6,1
C02364,54,Male,9,Month-to-month,164.13,1509.66,Bank Transfer,DSL,4,0,2,129.14,41,5,1
C02365,34,Male,55,Two year,140.93,7034.64,Card,DSL,3,2,1,99.59,0,9,0
C02366,22,Female,7,Month-to-month,96.43,647.1,Cash,DSL,1,0,1,167.29,0,8,1
C02367,50,Female,25,One year,99.49,2480.6,Bank Transfer,None,0,1,0,225.65,21,8,0
C02368,60,Male,13,Month-to-month,158.38,2164.2,Electronic,DSL,1,1,0,111.05,25,7,1
C02369,28,Male,12,One year,97.62,1153.64,Electronic,DSL,2,1,3,111.05,20,6,1
C02370,25,Female,13,Month-to-month,87.86,1023.84,Electronic,Fiber,2,0,1,268.48,17,5,1
C02371,52,Male,4,Month-to-month,175.53,686.34,Bank Transfer,Fiber,1,0,1,90.87,0,7,1
C02372,40,Other,60,Month-to-month,108.33,6561.05,Card,Fiber,3,1,1,56.13,12,6,0
C02373,72,Female,5,Month-to-month,171.89,898.35,Cash,DSL,1,3,0,205.77,15,6,0
C02374,38,Female,29,Month-to-month,61.06,1958.57,Bank Transfer,None,2,0,1,127.22,10,10,1
C02375,40,Female,51,Two year,128.14,6010.52,Bank Transfer,Fiber,3,0,0,145.58,0,7,0
C02376,51,Other,72,Month-to-month,182.49,13374.56,Electronic,Fiber,0,1,1,252.73,27,3,1
C02377,74,Female,62,Month-to-month,111.04,6713.91,Electronic,DSL,2,0,2,52.84,31,6,1
C02378,57,Male,10,Two year,100.76,1064.11,Cash,Fiber,1,1,0,119.25,6,5,1
C02379,56,Female,72,Month-to-month,69.13,5536.12,Card,Fiber,2,0,1,62.01,15,7,0
C02380,64,Male,48,Month-to-month,147.88,7049.55,Cash,DSL,2,1,0,148.44,11,4,1
C02381,65,Female,13,One year,83.05,1191.06,Electronic,Fiber,1,1,2,99.58,11,8,1
C02382,48,Male,33,Two year,106.68,2994.56,Card,DSL,2,1,0,65.49,25,6,0
C02383,34,Female,67,One year,66.79,5028.51,Card,DSL,1,1,1,170.28,26,6,1
C02384,27,Female,29,Month-to-month,164.49,5183.1,Electronic,DSL,3,1,1,130.57,34,7,1
C02385,50,Female,14,Two year,150.42,1874.56,Card,Fiber,1,2,0,61.16,34,7,1
C02386,58,Male,64,Month-to-month,108.89,7335.77,Cash,Fiber,2,0,2,64.53,15,7,1
C02387,39,Other,69,Two year,69.6,4823.23,Card,Fiber,1,0,1,141.43,61,7,0
C02388,45,Female,71,Two year,163.76,13268.54,Card,Fiber,4,1,0,38.11,41,7,1
C02389,43,Male,69,Two year,97.19,6312.65,Bank Transfer,Fiber,1,2,1,142.51,8,8,1
C02390,52,Male,63,Month-to-month,71.32,4639.95,Bank Transfer,DSL,2,1,1,203.68,20,7,0
C02391,65,Male,33,Month-to-month,48.33,1605.69,Bank Transfer,DSL,3,1,1,166.69,0,9,0
C02392,43,Male,14,One year,87.39,1121.12,Card,DSL,0,1,2,95.72,18,6,1
C02393,48,Female,45,Month-to-month,59.09,2909.16,Electronic,DSL,1,0,0,145.09,43,7,1
C02394,42,Male,16,Month-to-month,88.2,1514.11,Card,Fiber,1,0,1,61.16,60,10,1
C02395,35,Male,35,Two year,136.05,4824.95,Cash,Fiber,4,1,2,137.5,16,7,0
C02396,58,Female,48,One year,96.86,5268.69,Cash,Fiber,2,0,0,112.02,23,7,1
C02397,53,Male,69,Month-to-month,122.45,9530.47,Card,DSL,5,0,0,72.84,27,5,0
C02398,48,Female,21,Month-to-month,84.68,1948.0,Electronic,Fiber,2,0,0,164.3,48,6,1
C02399,35,Male,19,Month-to-month,112.28,1910.86,Cash,Fiber,0,4,0,21.24,3,7,1
C02400,68,Female,53,Month-to-month,177.23,10503.99,Electronic,DSL,1,0,0,64.78,58,8,1
C02401,64,Female,1,Month-to-month,97.8,92.11,Electronic,Fiber,3,1,1,71.39,13,8,1
C02402,61,Male,41,One year,123.46,5168.07,Electronic,Fiber,0,0,0,102.24,0,8,1
C02403,65,Male,54,One year,55.21,3405.74,Card,Fiber,3,1,0,201.46,13,8,0
C02404,45,Female,40,Month-to-month,163.2,6001.25,Electronic,Fiber,0,0,0,171.48,6,5,1
C02405,54,Female,28,Month-to-month,93.3,2377.03,Electronic,DSL,0,0,1,135.79,24,8,0
C02406,30,Female,60,One year,146.77,9735.87,Bank Transfer,DSL,1,2,2,133.2,0,7,0
C02407,63,Female,27,One year,105.69,2436.73,Card,DSL,2,2,1,129.35,20,7,0
C02408,19,Male,52,Two year,131.41,6165.27,Electronic,DSL,1,1,0,205.45,28,6,1
C02409,47,Female,34,Month-to-month,133.49,4303.4,Electronic,Fiber,2,1,2,30.14,40,5,1
C02410,29,Female,2,One year,94.16,201.79,Bank Transfer,Fiber,2,0,1,172.44,28,5,1
C02411,52,Other,39,Month-to-month,148.22,5746.58,Electronic,DSL,1,1,1,102.05,39,8,1
C02412,34,Female,4,Month-to-month,83.44,323.06,Electronic,Fiber,1,0,0,157.66,9,8,1
C02413,73,Female,68,Two year,137.23,10503.74,Cash,DSL,0,1,2,157.93,24,7,1
C02414,24,Male,44,Month-to-month,96.34,4564.53,Card,DSL,0,0,2,170.33,0,7,1
C02415,65,Female,27,Month-to-month,122.23,3431.85,Electronic,Fiber,1,0,1,217.1,16,6,1
C02416,56,Female,36,Month-to-month,93.83,3215.78,Card,Fiber,2,0,1,54.59,24,8,1
C02417,75,Other,45,Month-to-month,111.75,5570.13,Card,DSL,1,2,3,185.3,25,7,1
C02418,36,Male,19,Month-to-month,72.39,1273.45,Card,Fiber,0,1,1,126.49,0,6,0
C02419,58,Male,21,One year,118.66,2825.32,Card,DSL,2,1,0,104.65,12,9,0
C02420,19,Other,31,Month-to-month,111.55,3209.46,Bank Transfer,Fiber,6,1,0,241.86,14,8,1
C02421,57,Female,19,Month-to-month,91.09,1897.0,Electronic,Fiber,2,0,1,168.61,12,4,1
C02422,43,Male,55,Two year,108.07,6682.7,Electronic,DSL,0,0,1,107.05,29,7,0
C02423,60,Female,8,Month-to-month,114.69,842.24,Electronic,Fiber,1,0,1,182.65,15,5,1
C02424,63,Female,60,Two year,88.43,4874.99,Bank Transfer,Fiber,0,0,1,127.47,19,7,0
C02425,46,Other,26,Month-to-month,105.49,2396.08,Bank Transfer,Fiber,2,1,0,106.19,11,1,1
C02426,37,Male,41,One year,74.81,2921.04,Bank Transfer,Fiber,2,0,2,96.67,34,7,0
C02427,59,Female,12,Month-to-month,192.1,2305.39,Electronic,DSL,3,1,0,146.75,35,8,1
C02428,70,Male,28,One year,147.07,3606.44,Card,DSL,2,1,2,96.24,13,7,1
C02429,38,Male,55,Month-to-month,119.56,5878.02,Bank Transfer,Fiber,1,4,1,138.55,61,5,1
C02430,67,Female,20,Two year,151.02,2949.94,Electronic,DSL,4,1,1,178.79,7,10,1
C02431,43,Male,10,Month-to-month,40.73,368.18,Cash,Fiber,3,0,0,136.08,33,9,0
C02432,69,Male,38,One year,25.0,1027.95,Electronic,DSL,2,1,1,238.71,4,6,0
C02433,55,Male,12,Month-to-month,96.02,1090.92,Card,DSL,3,0,1,130.73,30,7,1
C02434,56,Male,23,Month-to-month,61.75,1226.96,Bank Transfer,None,3,1,0,204.2,28,3,0
C02435,57,Male,33,Month-to-month,101.72,3008.82,Bank Transfer,DSL,3,0,2,183.7,3,8,0
C02436,64,Female,41,Month-to-month,117.2,4527.25,Card,DSL,2,0,1,213.89,16,5,1
C02437,67,Male,47,Month-to-month,142.21,5973.81,Electronic,None,0,2,1,238.47,46,8,1
C02438,40,Female,49,One year,70.16,3144.51,Card,DSL,3,1,1,33.13,6,9,1
C02439,61,Male,61,Month-to-month,123.99,6897.49,Electronic,DSL,1,1,3,144.58,24,7,1
C02440,58,Female,5,Month-to-month,110.5,539.04,Card,Fiber,2,1,0,123.85,23,5,1
C02441,52,Female,27,Month-to-month,122.16,3322.22,Bank Transfer,DSL,5,0,0,136.13,17,9,0
C02442,30,Female,1,Month-to-month,91.81,95.18,Electronic,DSL,1,1,1,108.14,0,7,1
C02443,44,Male,1,Month-to-month,158.41,177.86,Card,None,3,0,1,100.11,30,7,1
C02444,29,Female,16,One year,106.38,1798.07,Electronic,DSL,0,0,2,69.52,18,5,1
C02445,25,Male,44,Month-to-month,172.1,6887.53,Bank Transfer,Fiber,1,0,3,135.36,35,7,1
C02446,72,Male,65,Two year,82.34,5270.29,Electronic,Fiber,0,1,1,181.37,21,7,0
C02447,59,Female,56,Month-to-month,136.0,8140.32,Card,Fiber,2,1,0,102.85,19,5,0
C02448,49,Female,47,Month-to-month,107.91,5155.73,Electronic,Fiber,1,0,2,111.93,24,9,1
C02449,43,Male,57,Two year,98.53,5059.07,Electronic,DSL,3,0,0,91.61,3,10,0
C02450,22,Female,13,Month-to-month,132.13,1865.86,Card,Fiber,4,0,1,75.31,41,9,1
C02451,38,Female,61,Month-to-month,99.53,5518.74,Electronic,Fiber,0,1,2,117.01,12,9,1
C02452,29,Female,65,Two year,25.0,1549.1,Card,Fiber,1,1,0,148.88,13,10,0
C02453,49,Female,7,Two year,25.0,187.27,Cash,DSL,2,0,0,199.15,37,5,0
C02454,44,Female,34,One year,154.53,5994.01,Electronic,Fiber,3,0,0,64.43,22,5,1
C02455,73,Female,60,Month-to-month,153.06,10259.05,Electronic,Fiber,0,0,2,128.33,14,6,1
C02456,67,Female,35,One year,176.06,7030.49,Card,DSL,0,0,0,194.8,24,8,0
C02457,52,Female,61,Two year,109.39,6465.88,Bank Transfer,Fiber,2,1,1,65.16,27,6,0
C02458,69,Male,68,Two year,64.76,4318.78,Electronic,DSL,0,1,1,199.69,16,5,0
C02459,37,Female,35,Month-to-month,95.31,2998.61,Electronic,DSL,1,1,1,105.86,32,7,0
C02460,24,Other,5,Month-to-month,110.4,547.47,Bank Transfer,Fiber,3,0,0,169.12,0,7,0
C02461,50,Male,25,Month-to-month,74.75,2026.07,Card,DSL,2,1,1,118.01,22,9,1
C02462,21,Female,16,Month-to-month,167.7,2336.2,Bank Transfer,DSL,0,1,0,155.23,30,7,1
C02463,72,Female,35,One year,188.38,6235.4,Electronic,Fiber,3,1,1,218.5,27,4,1
C02464,25,Male,43,Month-to-month,126.74,6145.59,Electronic,Fiber,0,1,0,123.32,0,8,1
C02465,67,Female,34,Month-to-month,109.62,3372.13,Card,Fiber,2,1,0,184.81,16,10,0
C02466,56,Female,15,Month-to-month,64.68,911.1,Electronic,Fiber,1,0,0,145.11,0,7,0
C02467,32,Female,22,Month-to-month,164.13,4082.02,Card,Fiber,2,0,2,86.77,37,9,1
C02468,48,Male,49,Month-to-month,112.67,5263.81,Electronic,None,1,0,0,121.99,12,6,1
C02469,49,Male,2,Month-to-month,99.88,219.59,Card,Fiber,1,0,2,118.55,36,8,1
C02470,60,Male,16,Month-to-month,126.84,1899.84,Cash,None,0,1,1,52.35,0,6,1
C02471,42,Male,65,Two year,89.5,5393.43,Cash,DSL,2,2,0,155.25,24,7,0
C02472,52,Male,8,Month-to-month,115.14,834.66,Electronic,DSL,1,1,2,166.19,18,7,1
C02473,42,Female,30,Month-to-month,59.51,1551.16,Electronic,DSL,2,1,3,174.68,59,8,0
C02474,23,Female,15,Month-to-month,148.05,2164.33,Cash,DSL,0,2,2,208.64,36,6,1
C02475,59,Female,8,Month-to-month,106.35,905.23,Card,None,4,2,1,182.47,35,4,1
C02476,32,Female,31,Month-to-month,150.56,4674.78,Card,Fiber,2,1,1,96.83,48,8,1
C02477,34,Other,38,Month-to-month,102.96,3803.72,Bank Transfer,Fiber,1,0,0,108.54,22,8,0
C02478,37,Male,13,Month-to-month,105.23,1246.73,Electronic,Fiber,1,0,1,176.13,17,7,1
C02479,50,Male,6,Month-to-month,67.57,427.73,Electronic,Fiber,3,0,0,151.43,15,9,0
C02480,59,Male,10,One year,136.59,1264.64,Bank Transfer,Fiber,2,1,0,129.02,23,7,1
C02481,65,Female,47,Month-to-month,79.35,3205.75,Card,DSL,1,2,1,81.89,0,8,0
C02482,52,Other,62,Month-to-month,92.98,6567.81,Bank Transfer,Fiber,1,0,0,100.81,18,6,1
C02483,41,Male,13,One year,110.04,1620.37,Cash,DSL,4,0,2,162.05,21,7,1
C02484,72,Female,24,Month-to-month,114.24,2506.96,Electronic,DSL,2,0,0,22.7,16,8,1
C02485,45,Female,25,Month-to-month,50.29,1158.57,Bank Transfer,Fiber,1,0,3,10.0,0,10,0
C02486,26,Male,26,Month-to-month,101.92,2713.65,Electronic,Fiber,1,0,0,168.14,16,8,1
C02487,64,Female,18,Month-to-month,137.83,2426.97,Cash,DSL,1,0,1,100.66,0,8,1
C02488,72,Male,4,Month-to-month,96.76,432.06,Electronic,Fiber,1,0,0,155.77,45,8,1
C02489,34,Male,38,Two year,102.13,3796.0,Electronic,Fiber,4,1,0,216.72,14,3,1
C02490,30,Other,26,Two year,115.68,2679.19,Bank Transfer,Fiber,0,0,0,74.28,0,8,0
C02491,38,Male,25,Two year,105.59,2676.73,Cash,Fiber,3,1,1,38.17,15,9,1
C02492,37,Male,20,Month-to-month,73.93,1307.08,Bank Transfer,DSL,3,2,2,114.8,31,7,1
C02493,29,Female,67,Month-to-month,108.73,7169.4,Bank Transfer,Fiber,5,3,0,92.34,21,7,1
C02494,20,Male,44,Month-to-month,144.79,6518.57,Cash,Fiber,3,0,0,128.61,4,5,0
C02495,28,Female,31,Month-to-month,73.21,2572.68,Card,DSL,1,0,0,159.59,8,6,0
C02496,35,Male,15,Month-to-month,96.89,1363.3,Bank Transfer,DSL,2,1,2,147.97,14,5,1
C02497,28,Male,58,Month-to-month,61.64,3735.56,Electronic,Fiber,1,0,1,132.54,11,9,1
C02498,29,Male,64,Month-to-month,142.95,7776.88,Electronic,Fiber,1,0,1,188.2,0,10,0
C02499,72,Female,3,Month-to-month,106.77,355.99,Electronic,Fiber,1,0,1,166.89,17,10,1
C02500,30,Male,67,Month-to-month,80.24,5081.28,Cash,Fiber,1,0,0,120.02,0,5,0
C02501,65,Other,51,One year,113.23,5325.69,Electronic,Fiber,0,0,1,164.94,32,6,0
C02502,51,Male,8,Month-to-month,67.87,478.24,Electronic,DSL,4,1,0,44.99,34,6,0
C02503,43,Female,55,Two year,73.83,4408.0,Electronic,Fiber,4,0,0,188.51,3,5,0
C02504,63,Female,8,Month-to-month,58.9,408.48,Electronic,DSL,1,0,1,131.22,7,5,1
C02505,18,Male,4,Month-to-month,72.66,300.93,Card,Fiber,3,1,1,63.96,12,6,1
C02506,61,Female,9,Month-to-month,157.51,1339.11,Electronic,Fiber,2,3,0,107.08,18,9,1
C02507,42,Female,34,Month-to-month,84.34,3049.23,Bank Transfer,None,1,1,2,187.06,22,6,1
C02508,66,Female,45,Month-to-month,126.32,6478.64,Bank Transfer,DSL,1,1,1,87.78,25,9,1
C02509,73,Female,30,Month-to-month,80.73,2258.31,Card,DSL,0,1,1,152.58,25,9,0
C02510,60,Male,9,One year,136.58,1273.4,Electronic,Fiber,3,0,2,178.33,41,8,0
C02511,24,Female,15,Month-to-month,74.09,1068.14,Bank Transfer,DSL,2,0,0,131.34,19,9,0
C02512,74,Female,62,Month-to-month,111.37,6924.66,Card,DSL,0,1,0,82.45,0,5,1
C02513,62,Male,70,Two year,111.85,6850.7,Electronic,Fiber,0,0,0,126.49,0,6,1
C02514,19,Female,55,Month-to-month,191.47,9597.01,Electronic,Fiber,1,1,2,52.48,43,7,1
C02515,29,Male,8,One year,132.06,1149.78,Electronic,Fiber,2,1,1,103.12,26,7,1
C02516,75,Male,60,Month-to-month,89.25,5105.8,Card,DSL,1,0,1,69.1,21,10,0
C02517,66,Male,50,Month-to-month,133.98,5696.04,Electronic,DSL,0,1,0,127.42,25,5,1
C02518,41,Female,38,Month-to-month,184.84,6646.28,Bank Transfer,Fiber,0,1,1,60.19,20,6,1
C02519,73,Male,11,Month-to-month,52.96,612.25,Card,None,4,1,0,134.59,24,7,1
C02520,45,Male,72,One year,80.51,6617.08,Electronic,None,3,0,1,192.31,12,6,0
C02521,68,Female,32,Month-to-month,101.71,3600.44,Electronic,DSL,0,1,0,195.76,34,5,0
C02522,51,Female,4,Month-to-month,95.4,411.01,Bank Transfer,Fiber,2,1,1,61.5,10,6,1
C02523,56,Female,16,Month-to-month,98.35,1776.34,Electronic,Fiber,0,0,0,93.36,4,7,0
C02524,18,Male,29,Two year,64.35,1955.46,Electronic,DSL,0,0,0,176.9,0,10,0
C02525,74,Female,5,One year,159.14,800.27,Bank Transfer,DSL,2,1,0,168.72,14,5,1
C02526,28,Male,24,Two year,60.21,1462.17,Electronic,Fiber,0,0,0,96.16,37,8,0
C02527,30,Male,34,One year,102.99,3968.43,Electronic,Fiber,2,0,0,103.24,11,9,1
C02528,43,Female,69,One year,146.6,8604.81,Card,None,3,0,1,134.52,0,6,0
C02529,61,Male,7,Month-to-month,108.94,766.19,Card,Fiber,2,0,2,29.17,22,7,1
C02530,62,Male,42,Two year,75.72,3437.01,Electronic,None,3,0,4,158.89,8,8,0
C02531,54,Female,66,Month-to-month,62.8,3570.26,Bank Transfer,DSL,2,1,0,189.57,41,8,0
C02532,68,Male,59,Month-to-month,101.95,6598.24,Card,DSL,0,0,2,108.6,34,7,1
C02533,58,Male,67,One year,83.5,6172.1,Electronic,Fiber,4,0,1,51.94,0,6,0
C02534,26,Female,13,Month-to-month,117.18,1534.16,Bank Transfer,Fiber,1,0,0,207.69,15,8,1
C02535,63,Female,58,Month-to-month,60.95,3883.73,Card,None,3,0,1,142.07,7,6,0
C02536,33,Other,71,Month-to-month,138.46,8776.48,Cash,DSL,5,1,2,168.99,1,7,0
C02537,48,Male,24,Month-to-month,114.04,3100.87,Electronic,Fiber,0,1,0,57.34,17,7,1
C02538,53,Female,36,Two year,116.64,3630.85,Electronic,DSL,0,2,2,57.54,30,9,0
C02539,40,Female,39,Month-to-month,160.44,5388.43,Card,Fiber,0,1,0,152.78,17,10,0
C02540,38,Male,36,One year,94.68,3432.94,Cash,DSL,2,3,0,186.52,10,6,0
C02541,33,Female,21,Month-to-month,84.6,1901.9,Bank Transfer,Fiber,0,1,0,67.89,0,7,1
C02542,35,Male,70,One year,90.83,6739.56,Card,Fiber,5,2,0,124.4,8,4,0
C02543,75,Male,69,Month-to-month,103.26,7232.38,Bank Transfer,Fiber,3,1,0,42.7,26,10,0
C02544,40,Male,28,Two year,106.82,3245.33,Electronic,DSL,2,0,1,91.41,0,7,1
C02545,45,Female,58,Month-to-month,80.93,4845.36,Bank Transfer,Fiber,7,0,3,115.86,37,6,1
C02546,58,Female,29,Month-to-month,39.19,1255.98,Card,None,0,2,0,156.88,9,7,1
C02547,32,Male,58,Month-to-month,90.37,4637.19,Electronic,DSL,3,1,1,14.18,21,7,0
C02548,29,Female,43,Month-to-month,122.59,6032.89,Electronic,None,0,0,0,202.62,12,6,1
C02549,30,Male,34,Month-to-month,114.77,4347.84,Electronic,DSL,3,2,1,120.62,0,9,1
C02550,21,Male,10,One year,151.98,1700.07,Electronic,Fiber,3,2,0,201.19,25,8,1
C02551,44,Female,48,Two year,178.44,8214.75,Electronic,None,0,1,1,168.43,9,8,0
C02552,18,Male,24,One year,136.58,3717.27,Electronic,Fiber,0,0,0,176.88,6,6,1
C02553,39,Female,16,Month-to-month,158.39,2261.66,Card,None,3,0,0,241.12,0,6,1
C02554,48,Male,14,Month-to-month,136.84,1673.13,Card,Fiber,0,0,0,87.01,38,7,1
C02555,32,Male,71,One year,169.85,11692.68,Electronic,DSL,0,0,1,137.45,18,8,0
C02556,32,Female,8,Two year,174.78,1579.91,Card,DSL,7,1,0,75.51,35,8,1
C02557,52,Male,58,Month-to-month,143.29,9477.38,Electronic,DSL,0,0,2,124.38,27,6,0
C02558,50,Male,63,Two year,134.72,8471.09,Card,DSL,2,1,1,169.61,35,8,1
C02559,63,Female,3,Month-to-month,102.82,331.76,Cash,Fiber,2,1,2,192.0,10,5,1
C02560,69,Female,43,One year,108.55,4721.33,Bank Transfer,Fiber,3,0,0,108.98,0,6,0
C02561,32,Female,42,Two year,98.18,3645.22,Card,Fiber,2,3,0,63.74,29,7,1
C02562,35,Other,26,One year,131.74,3582.7,Card,None,1,0,1,134.03,20,5,1
C02563,48,Male,49,Month-to-month,84.79,3714.46,Electronic,Fiber,4,1,1,83.13,11,5,0
C02564,28,Male,30,One year,103.31,3244.58,Electronic,Fiber,2,0,1,98.22,29,10,0
C02565,60,Female,32,Month-to-month,27.57,813.51,Electronic,Fiber,4,0,1,166.95,23,9,0
C02566,18,Male,32,One year,170.31,5062.92,Card,DSL,0,1,1,156.71,28,10,0
C02567,39,Female,58,Month-to-month,102.28,6243.76,Cash,None,1,0,0,175.88,3,8,0
C02568,74,Male,46,One year,125.95,5732.55,Bank Transfer,None,0,0,3,111.45,33,8,1
C02569,60,Female,28,Two year,161.02,4955.31,Card,Fiber,0,1,1,185.49,18,7,1
C02570,47,Female,67,Month-to-month,120.51,8510.86,Bank Transfer,DSL,3,1,2,130.79,34,6,1
C02571,18,Male,58,Month-to-month,160.55,8739.33,Bank Transfer,Fiber,0,1,0,114.37,33,9,1
C02572,64,Male,68,One year,66.54,4900.82,Card,DSL,2,1,0,69.57,28,9,0
C02573,43,Other,53,Month-to-month,193.91,8934.97,Bank Transfer,DSL,2,0,2,15.05,16,8,1
C02574,67,Male,29,Month-to-month,148.05,4595.88,Card,Fiber,1,0,2,43.98,29,5,1
C02575,63,Male,56,Month-to-month,117.32,6344.14,Bank Transfer,DSL,2,0,1,141.85,35,8,1
C02576,75,Male,24,Month-to-month,159.88,3609.27,Electronic,Fiber,2,0,2,80.09,27,6,1
C02577,24,Male,20,One year,69.1,1391.35,Card,Fiber,5,0,2,39.51,21,6,1
C02578,67,Male,33,One year,99.9,3699.29,Electronic,Fiber,0,1,2,106.93,29,10,1
C02579,59,Male,70,Month-to-month,160.55,10418.29,Electronic,Fiber,1,0,0,145.39,10,5,1
C02580,35,Male,41,Month-to-month,44.65,2105.05,Card,Fiber,2,0,0,152.83,41,10,0
C02581,66,Female,28,Month-to-month,129.62,3726.02,Cash,Fiber,1,0,1,128.41,0,8,1
C02582,50,Male,34,Month-to-month,128.63,4048.06,Bank Transfer,DSL,2,0,0,126.65,19,6,1
C02583,56,Female,21,One year,178.92,3972.8,Electronic,DSL,0,0,4,100.39,12,7,1
C02584,73,Female,48,Month-to-month,54.6,2805.7,Electronic,None,4,0,0,164.86,8,6,0
C02585,51,Female,26,Month-to-month,166.34,4365.66,Electronic,Fiber,3,0,1,120.28,23,6,1
C02586,54,Other,40,Two year,90.42,3215.92,Electronic,DSL,2,3,0,125.8,1,7,1
C02587,68,Male,27,Month-to-month,94.35,2788.4,Electronic,None,2,1,1,187.08,50,6,1
C02588,62,Male,24,One year,67.23,1763.69,Electronic,Fiber,3,0,1,173.55,0,5,1
C02589,55,Female,70,Month-to-month,71.93,5435.37,Electronic,DSL,3,1,1,119.83,4,7,0
C02590,70,Male,25,Month-to-month,124.12,3341.13,Electronic,None,7,0,0,112.01,2,5,1
C02591,70,Male,6,Month-to-month,71.07,411.23,Electronic,DSL,3,2,2,111.58,21,5,1
C02592,53,Female,28,One year,135.91,3797.18,Bank Transfer,Fiber,2,0,0,18.83,33,5,0
C02593,23,Female,39,Two year,86.8,3549.02,Cash,Fiber,2,0,1,190.33,26,10,1
C02594,58,Male,7,Month-to-month,67.54,425.39,Bank Transfer,Fiber,1,1,0,92.34,40,8,1
C02595,37,Male,23,Month-to-month,91.53,2170.94,Electronic,DSL,1,0,0,177.0,6,8,1
C02596,52,Female,12,Month-to-month,121.78,1290.52,Electronic,DSL,1,0,0,132.29,28,7,1
C02597,39,Male,37,One year,100.29,4098.05,Card,Fiber,1,2,0,206.54,13,8,0
C02598,37,Male,53,One year,111.2,5221.3,Bank Transfer,Fiber,3,1,0,159.12,21,9,0
C02599,74,Female,70,One year,134.37,10174.38,Card,Fiber,1,1,1,180.17,35,8,1
C02600,32,Male,29,Two year,147.88,3930.98,Bank Transfer,DSL,1,0,0,97.44,0,10,1
C02601,27,Male,63,Month-to-month,99.15,7048.94,Card,Fiber,1,0,0,59.3,48,7,1
C02602,54,Female,16,One year,73.45,1230.93,Cash,Fiber,2,3,1,138.11,16,8,1
C02603,55,Female,57,One year,112.66,6289.16,Bank Transfer,DSL,2,0,0,24.55,0,8,0
C02604,74,Male,41,Month-to-month,126.47,4475.45,Electronic,Fiber,1,0,1,104.26,8,5,1
C02605,21,Female,55,Two year,58.87,3342.21,Electronic,DSL,0,0,1,64.58,20,7,0
C02606,71,Female,55,Month-to-month,78.83,4176.94,Card,Fiber,1,0,0,83.82,8,4,0
C02607,66,Female,39,One year,84.83,3604.37,Electronic,DSL,0,1,0,162.76,0,7,0
C02608,30,Male,19,One year,102.73,2123.2,Electronic,DSL,2,1,1,159.15,19,6,1
C02609,65,Female,38,Two year,83.36,3345.57,Card,Fiber,2,0,0,121.09,7,6,0
C02610,66,Female,60,Month-to-month,134.75,7521.65,Card,Fiber,1,1,0,147.6,28,6,1
C02611,24,Female,70,Month-to-month,53.82,3397.79,Bank Transfer,None,1,1,1,100.26,2,8,1
C02612,19,Female,67,One year,54.71,3662.33,Electronic,DSL,3,0,0,263.47,52,5,0
C02613,56,Male,14,One year,98.31,1356.72,Cash,Fiber,3,0,2,146.55,26,10,0
C02614,52,Male,44,Month-to-month,103.85,4806.58,Electronic,DSL,2,1,1,97.53,21,8,1
C02615,68,Female,8,One year,59.09,477.35,Cash,Fiber,1,1,1,178.15,27,6,0
C02616,71,Male,49,Month-to-month,88.76,4342.81,Electronic,DSL,0,1,1,198.21,0,8,1
C02617,24,Female,72,One year,95.96,6869.56,Card,DSL,2,2,1,87.42,11,9,0
C02618,73,Female,4,Two year,96.23,385.43,Cash,Fiber,0,0,0,51.98,45,8,0
C02619,67,Male,48,Month-to-month,115.32,6153.15,Electronic,DSL,0,1,0,62.88,13,5,1
C02620,52,Other,69,Month-to-month,86.84,5400.61,Bank Transfer,Fiber,0,0,1,93.15,17,10,0
C02621,38,Female,61,Two year,161.72,8440.93,Card,DSL,1,1,1,127.02,11,8,1
C02622,54,Female,29,One year,127.09,3377.99,Electronic,Fiber,0,1,1,40.4,40,5,1
C02623,50,Female,8,Two year,81.75,616.79,Card,None,2,0,1,107.0,14,7,0
C02624,40,Female,67,Month-to-month,113.31,7847.66,Electronic,DSL,3,0,2,118.56,0,7,0
C02625,22,Male,67,Two year,114.34,8448.27,Card,DSL,0,2,1,147.87,57,7,0
C02626,59,Female,42,Month-to-month,152.52,6815.07,Electronic,Fiber,0,1,0,163.65,0,5,1
C02627,35,Male,71,Month-to-month,88.99,7262.52,Bank Transfer,Fiber,5,1,0,152.08,17,7,1
C02628,32,Female,1,Month-to-month,136.86,116.36,Card,DSL,2,2,2,228.57,5,6,1
C02629,39,Female,45,One year,111.46,4549.62,Electronic,Fiber,3,0,1,190.18,7,6,0
C02630,19,Female,3,Two year,162.2,426.34,Electronic,None,3,0,1,142.21,2,8,1
C02631,40,Male,68,One year,155.18,11070.2,Card,DSL,1,0,2,76.62,10,6,0
C02632,66,Male,49,One year,116.89,5602.32,Electronic,None,3,1,0,92.85,33,6,1
C02633,60,Female,66,Month-to-month,100.82,6277.43,Card,Fiber,0,1,1,51.42,0,8,0
C02634,21,Male,41,Month-to-month,127.73,4942.65,Cash,Fiber,3,0,2,138.43,37,5,1
C02635,37,Female,6,Month-to-month,103.68,695.45,Electronic,Fiber,0,0,0,148.22,34,6,1
C02636,56,Female,2,Month-to-month,168.81,294.63,Card,None,2,0,1,179.11,26,5,1
C02637,72,Male,25,Month-to-month,112.75,2660.87,Cash,Fiber,1,2,0,144.7,20,6,0
C02638,43,Male,54,Two year,95.8,5173.17,Cash,DSL,0,1,1,187.97,22,7,0
C02639,75,Male,11,One year,93.91,1005.65,Electronic,DSL,0,0,1,189.1,39,8,0
C02640,20,Female,62,One year,67.54,4423.3,Bank Transfer,None,2,2,0,73.45,0,6,0
C02641,70,Male,18,Month-to-month,129.48,2405.79,Electronic,None,2,2,1,101.51,29,8,1
C02642,27,Male,36,Month-to-month,81.3,3190.61,Bank Transfer,DSL,3,1,1,129.39,7,7,1
C02643,60,Female,15,Month-to-month,148.44,2456.42,Electronic,Fiber,1,0,1,91.17,30,5,1
C02644,23,Female,34,Month-to-month,64.75,2135.33,Electronic,DSL,3,1,1,116.62,9,7,1
C02645,75,Female,33,Month-to-month,114.45,4191.76,Card,DSL,1,0,1,146.57,29,9,0
C02646,30,Female,1,Month-to-month,150.26,156.22,Electronic,DSL,1,0,0,123.23,0,4,1
C02647,39,Female,41,Month-to-month,34.67,1575.21,Electronic,Fiber,0,0,1,130.02,0,10,0
C02648,54,Female,57,One year,180.64,10189.48,Electronic,DSL,2,0,1,78.15,16,6,1
C02649,20,Female,68,Month-to-month,95.12,5547.26,Cash,Fiber,1,0,0,157.85,40,4,1
C02650,51,Female,24,Month-to-month,114.94,2889.25,Card,DSL,0,0,1,153.83,26,7,0
C02651,34,Female,64,Month-to-month,130.0,9483.21,Card,Fiber,1,0,2,88.06,26,8,1
C02652,43,Female,64,Month-to-month,135.41,9785.25,Electronic,DSL,1,2,0,58.87,31,6,1
C02653,37,Female,72,Month-to-month,119.59,7711.39,Cash,Fiber,2,0,2,197.66,12,8,1
C02654,66,Female,27,Month-to-month,144.91,3900.26,Card,Fiber,1,0,0,226.15,27,10,1
C02655,44,Male,62,One year,128.17,8835.12,Electronic,None,2,1,0,142.91,9,7,0
C02656,61,Female,41,Month-to-month,171.63,6860.66,Card,DSL,0,1,2,110.11,13,10,0
C02657,20,Male,5,Two year,128.28,644.9,Electronic,Fiber,2,0,1,187.55,15,9,1
C02658,57,Male,20,Month-to-month,178.76,4108.96,Electronic,DSL,5,0,1,155.87,10,7,1
C02659,40,Male,49,Month-to-month,141.54,6899.24,Electronic,DSL,1,0,0,118.41,17,8,1
C02660,52,Male,12,Month-to-month,46.8,509.36,Card,DSL,2,0,0,183.24,14,6,0
C02661,67,Female,32,Month-to-month,201.39,5552.54,Electronic,Fiber,2,0,1,85.47,7,7,1
C02662,58,Male,56,Month-to-month,89.9,4975.94,Bank Transfer,DSL,3,1,0,92.01,16,8,0
C02663,38,Female,11,Two year,162.34,1793.61,Electronic,Fiber,0,1,1,150.0,20,6,1
C02664,31,Other,36,Month-to-month,110.94,4496.89,Electronic,DSL,0,0,0,136.28,2,5,0
C02665,69,Male,16,One year,147.14,2560.43,Electronic,Fiber,5,1,0,165.05,24,9,1
C02666,33,Male,39,Month-to-month,85.9,2910.88,Electronic,DSL,3,0,0,195.63,11,9,0
C02667,20,Male,18,Month-to-month,131.9,2599.87,Electronic,Fiber,5,0,0,44.62,21,4,1
C02668,35,Female,70,Month-to-month,101.14,6165.41,Electronic,Fiber,6,1,0,132.14,8,7,0
C02669,18,Male,6,Month-to-month,165.27,847.03,Electronic,None,1,3,0,234.56,34,9,1
C02670,60,Male,70,Month-to-month,125.35,8898.36,Cash,None,1,1,0,97.19,32,9,0
C02671,69,Male,58,Two year,142.76,8353.97,Electronic,None,1,1,2,90.69,2,6,0
C02672,43,Male,62,One year,34.26,2006.99,Electronic,DSL,0,0,1,10.0,26,9,0
C02673,53,Female,62,Two year,107.0,6555.8,Card,Fiber,2,0,2,135.6,40,7,1
C02674,73,Female,14,Month-to-month,124.37,1960.75,Card,DSL,1,2,1,161.93,4,8,1
C02675,71,Male,68,One year,117.83,8436.18,Electronic,Fiber,5,0,0,161.82,5,5,0
C02676,20,Male,43,One year,143.64,5884.54,Bank Transfer,Fiber,1,2,1,72.96,29,1,0
C02677,22,Female,70,One year,97.19,7689.26,Card,Fiber,3,0,1,129.52,0,6,0
C02678,40,Other,64,Two year,111.71,6426.43,Card,Fiber,2,2,0,142.19,6,8,0
C02679,34,Female,42,One year,151.34,5737.01,Card,Fiber,2,0,2,132.87,3,7,0
C02680,26,Female,27,Two year,30.25,751.23,Bank Transfer,Fiber,3,0,1,69.79,29,8,0
C02681,26,Other,9,One year,130.63,1081.3,Electronic,DSL,2,0,0,134.25,8,9,1
C02682,65,Male,8,Month-to-month,98.31,685.29,Cash,None,0,1,1,85.2,14,6,1
C02683,29,Male,29,One year,78.07,2134.72,Electronic,Fiber,1,1,0,27.05,7,6,0
C02684,45,Female,59,Month-to-month,121.78,7289.83,Card,Fiber,1,2,1,167.47,35,3,1
C02685,20,Male,37,Two year,152.96,5188.87,Electronic,Fiber,5,1,0,137.7,5,4,1
C02686,53,Male,35,One year,146.37,4518.71,Card,DSL,3,2,0,162.55,0,5,1
C02687,60,Female,18,Month-to-month,105.27,1980.41,Bank Transfer,Fiber,1,1,2,100.6,0,8,0
C02688,52,Female,41,Month-to-month,140.65,5628.27,Card,DSL,2,1,1,164.46,28,6,1
C02689,34,Male,46,Month-to-month,140.38,6754.65,Electronic,Fiber,3,1,1,186.22,29,6,1
C02690,22,Female,71,Month-to-month,106.94,7018.95,Bank Transfer,DSL,1,0,0,226.47,37,6,0
C02691,41,Male,53,Month-to-month,85.74,4893.46,Cash,DSL,2,0,2,174.76,0,6,0
C02692,63,Male,44,One year,87.77,4409.46,Electronic,Fiber,3,1,0,151.16,15,9,0
C02693,24,Male,66,One year,139.32,8536.78,Electronic,None,2,1,1,54.11,54,7,1
C02694,65,Male,31,Two year,108.52,3504.93,Card,DSL,2,1,1,124.14,13,9,0
C02695,70,Other,68,Month-to-month,73.38,5386.89,Bank Transfer,Fiber,2,2,0,51.75,10,3,1
C02696,53,Male,27,Month-to-month,51.03,1395.69,Electronic,DSL,3,0,0,84.96,18,8,0
C02697,66,Female,10,Month-to-month,139.11,1303.97,Electronic,Fiber,2,1,0,237.53,26,6,1
C02698,34,Female,31,Two year,90.86,2575.43,Card,None,1,0,0,73.73,26,6,0
C02699,54,Male,10,Month-to-month,121.56,1269.1,Bank Transfer,Fiber,0,0,1,10.0,9,9,1
C02700,59,Male,9,Month-to-month,153.39,1372.18,Electronic,None,3,2,0,174.72,9,6,1
C02701,59,Female,64,Month-to-month,64.19,4523.68,Card,DSL,3,1,1,92.98,14,8,0
C02702,58,Male,58,One year,108.42,5513.68,Bank Transfer,DSL,2,0,0,172.24,7,5,0
C02703,29,Female,16,Month-to-month,104.03,1431.09,Electronic,Fiber,3,0,1,65.64,0,7,0
C02704,70,Male,61,One year,123.29,7229.36,Electronic,Fiber,2,0,1,106.57,45,4,0
C02705,57,Female,5,One year,153.37,760.95,Electronic,None,1,0,2,195.77,12,7,1
C02706,24,Female,21,One year,63.47,1388.66,Bank Transfer,DSL,4,1,1,57.29,13,8,1
C02707,55,Female,51,Month-to-month,129.94,5859.77,Card,None,0,0,0,120.69,13,9,0
C02708,70,Male,22,Month-to-month,146.1,3298.45,Bank Transfer,DSL,2,0,0,146.02,17,6,0
C02709,19,Female,53,Month-to-month,103.48,5999.3,Card,DSL,2,0,3,90.44,25,6,0
C02710,69,Female,63,Month-to-month,105.19,7441.15,Electronic,None,0,0,0,143.31,11,6,0
C02711,37,Female,5,One year,124.65,697.97,Electronic,DSL,0,0,3,130.86,35,7,1
C02712,35,Female,2,Month-to-month,122.07,245.49,Electronic,Fiber,0,0,1,159.4,27,5,1
C02713,46,Male,68,Month-to-month,130.38,9927.92,Card,DSL,1,1,3,231.32,15,3,1
C02714,59,Male,38,Month-to-month,129.64,4982.09,Cash,Fiber,3,2,0,277.14,8,5,1
C02715,23,Male,37,One year,75.63,2440.18,Card,DSL,1,1,4,155.48,34,7,1
C02716,33,Female,34,Month-to-month,144.66,5617.33,Card,Fiber,1,1,1,123.93,16,7,1
C02717,64,Female,32,One year,150.84,4106.55,Electronic,None,3,0,0,154.25,0,8,1
C02718,31,Male,50,Month-to-month,116.51,5451.28,Card,None,1,0,1,117.23,33,9,1
C02719,38,Male,42,Two year,57.7,2093.77,Bank Transfer,None,2,0,0,42.69,7,6,0
C02720,55,Other,12,One year,105.98,1288.47,Bank Transfer,Fiber,1,1,1,127.44,31,4,1
C02721,32,Male,46,Month-to-month,116.8,5481.69,Cash,DSL,2,2,1,189.52,0,8,1
C02722,20,Female,49,Month-to-month,69.94,3568.82,Cash,Fiber,2,0,1,49.44,12,7,0
C02723,48,Female,9,Month-to-month,97.4,781.98,Card,Fiber,2,0,1,75.85,35,7,1
C02724,23,Female,28,Month-to-month,60.67,1452.88,Bank Transfer,DSL,0,0,0,97.99,18,9,0
C02725,40,Male,57,Month-to-month,131.26,6955.63,Bank Transfer,Fiber,3,2,0,150.48,27,8,1
C02726,56,Female,45,Two year,115.81,4510.18,Card,Fiber,3,1,0,260.73,4,7,0
C02727,60,Male,10,One year,52.4,450.93,Electronic,DSL,0,1,0,85.49,23,7,0
C02728,73,Male,3,Month-to-month,122.3,340.92,Cash,DSL,4,0,0,135.02,18,9,0
C02729,68,Male,42,One year,108.02,5215.89,Cash,Fiber,4,0,0,130.32,22,6,0
C02730,19,Male,34,Month-to-month,128.07,4750.87,Card,DSL,0,1,1,113.43,49,5,1
C02731,46,Other,70,Two year,96.3,6461.17,Electronic,None,4,1,0,127.38,38,7,0
C02732,19,Female,38,Month-to-month,81.95,2998.28,Electronic,Fiber,5,1,0,104.44,30,5,0
C02733,64,Male,68,One year,83.02,6373.39,Electronic,DSL,2,0,1,280.86,30,7,0
C02734,22,Female,16,One year,91.16,1529.5,Bank Transfer,DSL,2,3,1,171.23,4,7,0
C02735,63,Female,33,Month-to-month,110.66,4020.9,Electronic,Fiber,0,3,1,104.91,11,7,0
C02736,18,Male,11,Month-to-month,115.18,1405.49,Card,Fiber,3,1,0,195.1,0,6,1
C02737,24,Male,42,Month-to-month,103.32,3909.09,Electronic,Fiber,2,1,1,144.12,0,10,1
C02738,71,Female,14,Two year,95.18,1139.13,Card,DSL,2,1,2,133.19,5,9,0
C02739,28,Female,36,Month-to-month,97.7,3272.7,Bank Transfer,DSL,2,1,2,119.99,18,7,1
C02740,45,Male,25,One year,197.77,5084.3,Bank Transfer,Fiber,0,0,0,116.25,0,7,1
C02741,48,Female,14,One year,83.02,1304.8,Card,Fiber,0,0,2,62.9,17,9,1
C02742,58,Female,7,One year,90.47,596.94,Electronic,DSL,5,1,0,37.95,16,6,0
C02743,72,Female,37,Month-to-month,225.28,9211.09,Electronic,Fiber,2,0,0,150.39,1,5,1
C02744,42,Male,69,Month-to-month,124.74,9025.52,Bank Transfer,Fiber,2,2,1,119.44,41,7,1
C02745,53,Female,15,One year,61.7,968.41,Bank Transfer,None,3,0,0,178.26,0,8,0
C02746,75,Male,30,Month-to-month,139.49,4456.36,Electronic,Fiber,2,1,0,81.06,35,8,1
C02747,24,Male,17,Two year,78.15,1333.12,Electronic,DSL,4,0,2,69.61,0,8,0
C02748,45,Female,59,Month-to-month,141.82,8802.96,Card,Fiber,3,0,1,172.69,16,6,0
C02749,35,Male,30,Month-to-month,102.62,3349.34,Bank Transfer,Fiber,0,0,2,113.76,0,4,1
C02750,72,Male,71,One year,94.61,6897.23,Bank Transfer,Fiber,1,1,2,177.07,8,6,0
C02751,53,Male,18,Month-to-month,166.32,2579.93,Electronic,None,2,1,0,131.84,45,8,1
C02752,55,Male,6,Month-to-month,129.82,781.42,Cash,DSL,3,0,1,233.26,13,5,1
C02753,28,Female,42,Month-to-month,144.05,6226.31,Card,Fiber,4,0,1,171.57,1,4,0
C02754,72,Male,47,Month-to-month,125.22,6548.18,Card,DSL,1,1,3,152.54,25,7,0
C02755,21,Female,72,Two year,94.44,5790.66,Electronic,DSL,2,0,2,174.0,13,6,0
C02756,46,Female,63,Month-to-month,131.4,7156.96,Electronic,DSL,2,0,1,114.99,20,4,0
C02757,58,Male,64,Month-to-month,152.32,9362.42,Electronic,DSL,4,1,1,39.64,4,7,0
C02758,68,Male,46,Month-to-month,114.72,5756.55,Electronic,DSL,2,2,0,149.85,5,6,1
C02759,33,Female,26,Two year,173.06,4478.33,Cash,Fiber,2,1,1,236.79,6,10,1
C02760,37,Female,31,Month-to-month,139.77,4079.64,Bank Transfer,DSL,5,2,1,10.0,30,7,1
C02761,20,Female,10,Two year,117.42,1242.27,Cash,DSL,3,1,0,155.8,15,8,1
C02762,56,Male,32,Two year,118.8,3806.64,Card,DSL,2,1,1,45.56,2,7,1
C02763,29,Male,27,Month-to-month,114.8,3168.24,Electronic,DSL,2,1,2,128.72,20,6,1
C02764,53,Male,3,One year,66.21,194.35,Card,DSL,1,2,0,134.37,19,6,1
C02765,22,Male,15,One year,106.85,1710.92,Card,DSL,1,1,0,171.08,27,9,0
C02766,46,Female,39,Month-to-month,117.74,3924.6,Bank Transfer,None,5,2,1,141.56,11,8,1
C02767,45,Male,27,Month-to-month,95.44,2191.58,Card,DSL,0,0,2,205.54,17,4,0
C02768,47,Male,72,One year,121.82,9252.02,Electronic,DSL,1,0,1,194.15,24,5,0
C02769,35,Female,35,One year,110.75,3325.69,Bank Transfer,DSL,2,0,1,119.18,3,5,1
C02770,27,Male,70,One year,137.08,9126.87,Bank Transfer,Fiber,3,0,1,190.19,31,9,0
C02771,62,Female,48,Two year,133.21,6137.62,Card,DSL,0,1,1,112.8,18,4,1
C02772,70,Male,3,Month-to-month,115.85,359.42,Electronic,DSL,1,1,2,103.33,1,8,1
C02773,34,Female,15,One year,62.15,1008.4,Electronic,Fiber,0,0,1,63.76,1,8,1
C02774,44,Male,51,Two year,172.68,9656.67,Bank Transfer,DSL,1,2,1,202.16,17,7,1
C02775,24,Female,40,Month-to-month,105.03,3924.26,Electronic,Fiber,0,1,1,113.5,10,6,1
C02776,26,Female,22,Month-to-month,107.17,2118.86,Bank Transfer,Fiber,3,0,0,10.0,29,9,1
C02777,38,Male,38,Month-to-month,98.01,4261.66,Electronic,Fiber,3,0,1,159.81,14,7,0
C02778,58,Male,66,Two year,92.91,5292.48,Electronic,Fiber,2,1,1,106.13,23,4,0
C02779,57,Female,28,Month-to-month,164.04,5025.6,Electronic,DSL,0,1,0,113.58,5,5,1
C02780,60,Female,4,One year,158.51,542.77,Electronic,DSL,2,0,1,117.13,18,4,1
C02781,23,Male,23,Month-to-month,125.55,2874.84,Electronic,Fiber,1,1,1,111.49,38,9,1
C02782,20,Female,68,Month-to-month,106.24,7530.8,Bank Transfer,Fiber,1,0,0,280.03,16,10,0
C02783,33,Female,55,One year,131.67,7193.39,Electronic,Fiber,3,0,0,221.45,10,9,0
C02784,37,Male,61,Month-to-month,112.58,7000.87,Electronic,DSL,3,0,0,168.45,5,7,0
C02785,47,Female,66,Two year,103.34,5849.4,Bank Transfer,DSL,0,0,1,143.27,18,4,1
C02786,51,Male,9,Month-to-month,121.83,982.76,Card,DSL,3,0,2,192.08,39,5,1
C02787,28,Female,21,Two year,94.56,2017.5,Electronic,Fiber,4,1,1,143.4,0,5,0
C02788,65,Female,5,Month-to-month,118.83,652.56,Bank Transfer,Fiber,2,0,1,174.87,17,7,1
C02789,61,Female,1,Two year,117.15,118.85,Electronic,None,1,1,1,160.7,0,9,1
C02790,36,Female,61,One year,131.1,7996.03,Card,None,0,1,0,137.06,12,9,0
C02791,55,Female,68,Month-to-month,88.33,6886.13,Electronic,DSL,6,0,0,181.72,22,6,1
C02792,35,Male,12,Month-to-month,134.85,1564.77,Electronic,Fiber,2,0,0,106.89,0,3,1
C02793,21,Male,52,Month-to-month,78.28,3930.67,Electronic,Fiber,4,0,1,133.21,11,5,0
C02794,60,Male,39,One year,89.96,3060.09,Bank Transfer,Fiber,4,0,2,76.13,22,9,0
C02795,22,Male,5,One year,91.49,496.3,Electronic,Fiber,0,1,0,82.48,20,7,0
C02796,30,Male,66,Month-to-month,72.48,4163.21,Bank Transfer,DSL,1,1,0,10.0,23,6,0
C02797,35,Female,63,Month-to-month,145.55,8168.65,Bank Transfer,Fiber,1,1,1,155.11,3,6,0
C02798,69,Male,41,One year,76.08,2704.61,Electronic,None,2,2,1,170.23,22,6,1
C02799,51,Female,51,Month-to-month,85.54,3959.85,Electronic,DSL,2,0,0,189.7,9,5,0
C02800,63,Male,29,One year,153.94,4382.4,Electronic,None,2,0,0,69.37,29,10,1
C02801,70,Male,58,Month-to-month,90.03,4504.25,Electronic,None,3,1,1,154.19,0,10,0
C02802,69,Female,33,One year,103.42,3322.03,Cash,Fiber,3,1,1,129.96,14,6,1
C02803,53,Male,72,Two year,74.58,5339.17,Electronic,DSL,2,0,0,170.57,19,4,0
C02804,38,Female,5,Month-to-month,139.15,614.53,Card,DSL,1,1,1,94.17,38,7,1
C02805,41,Male,13,Month-to-month,139.64,1573.0,Electronic,Fiber,0,0,1,111.5,19,7,1
C02806,27,Male,70,Month-to-month,135.86,8980.86,Card,Fiber,1,1,1,44.56,21,8,0
C02807,52,Female,21,One year,128.81,2827.25,Electronic,Fiber,2,2,1,90.57,24,9,1
C02808,51,Female,23,Month-to-month,112.58,2672.46,Electronic,Fiber,1,1,1,130.17,37,5,1
C02809,74,Male,57,Two year,91.65,4638.71,Electronic,DSL,2,4,3,139.58,12,9,1
C02810,29,Male,14,One year,81.48,1001.02,Cash,Fiber,2,1,0,37.28,0,6,0
C02811,61,Male,37,Month-to-month,155.15,5201.21,Card,Fiber,1,1,2,101.87,0,8,0
C02812,33,Male,21,One year,136.77,3194.69,Electronic,DSL,2,0,0,138.82,28,7,1
C02813,22,Other,15,Month-to-month,85.73,1452.55,Bank Transfer,DSL,3,0,0,207.44,21,9,0
C02814,41,Female,70,One year,111.39,7848.14,Bank Transfer,Fiber,1,0,0,83.52,14,3,0
C02815,73,Male,15,Month-to-month,99.5,1672.55,Card,DSL,3,0,1,156.95,9,8,1
C02816,44,Male,7,One year,70.51,439.01,Cash,None,2,0,0,99.11,21,6,0
C02817,28,Male,49,Two year,116.22,5963.29,Electronic,Fiber,1,2,2,105.48,21,7,1
C02818,36,Male,63,One year,95.46,6282.22,Bank Transfer,DSL,1,1,0,81.73,25,9,0
C02819,58,Female,10,Two year,76.66,754.96,Bank Transfer,Fiber,3,1,0,72.56,1,6,0
C02820,34,Male,51,Month-to-month,58.23,3181.6,Card,DSL,2,1,1,103.89,0,5,0
C02821,31,Female,39,One year,55.27,2139.24,Card,None,1,0,1,187.64,4,6,0
C02822,32,Female,60,One year,97.0,6442.4,Electronic,Fiber,2,1,1,88.48,0,6,1
C02823,22,Female,10,One year,107.02,953.3,Electronic,DSL,2,1,2,79.91,0,5,1
C02824,58,Female,71,Month-to-month,79.36,4818.92,Electronic,Fiber,3,1,1,141.5,42,7,0
C02825,36,Male,45,Month-to-month,132.78,5756.45,Cash,DSL,1,0,1,130.29,0,7,1
C02826,35,Female,61,One year,107.71,5838.04,Electronic,DSL,0,0,0,126.25,25,8,1
C02827,37,Female,27,Month-to-month,130.19,3176.78,Card,Fiber,1,0,1,143.97,32,6,1
C02828,58,Female,68,One year,103.6,6088.89,Electronic,None,1,0,1,74.47,33,5,1
C02829,68,Male,46,Two year,82.45,3713.78,Electronic,DSL,2,0,1,80.56,22,7,0
C02830,61,Male,10,Two year,113.99,1221.07,Electronic,Fiber,1,0,0,184.24,38,7,1
C02831,50,Male,67,Month-to-month,65.81,4483.99,Cash,DSL,1,1,1,121.97,45,7,0
C02832,59,Male,58,Two year,128.88,7153.67,Electronic,Fiber,4,2,1,162.8,13,6,1
C02833,31,Female,22,Month-to-month,77.2,1449.6,Electronic,None,2,2,0,197.32,25,8,0
C02834,71,Female,40,Month-to-month,142.14,5700.99,Electronic,Fiber,0,0,1,176.52,37,5,1
C02835,53,Female,28,Two year,98.15,2606.26,Card,Fiber,0,1,2,54.66,5,7,0
C02836,73,Female,40,Month-to-month,147.19,5426.33,Card,DSL,2,2,3,123.59,14,6,1
C02837,33,Female,70,Month-to-month,70.71,4877.62,Electronic,DSL,2,4,2,187.25,9,7,1
C02838,26,Female,65,Month-to-month,86.28,5052.99,Electronic,DSL,1,1,0,158.75,25,9,0
C02839,59,Male,16,Month-to-month,123.33,1867.72,Electronic,Fiber,1,0,0,140.12,0,5,1
C02840,36,Female,70,One year,150.97,11918.83,Electronic,DSL,3,0,3,39.82,40,3,1
C02841,30,Male,32,Month-to-month,168.33,5565.74,Bank Transfer,Fiber,2,0,0,96.09,26,6,1
C02842,63,Female,51,Month-to-month,111.45,6518.94,Bank Transfer,DSL,3,0,1,133.81,27,5,1
C02843,48,Male,56,One year,174.32,10136.49,Electronic,Fiber,3,0,0,51.58,0,2,1
C02844,63,Female,35,Month-to-month,99.86,3072.57,Card,DSL,1,0,0,173.65,2,10,0
C02845,32,Female,33,One year,148.46,5142.78,Electronic,DSL,0,3,1,123.53,40,8,1
C02846,22,Male,33,Two year,77.02,2820.77,Electronic,DSL,1,0,1,21.12,15,8,0
C02847,41,Male,63,One year,124.71,8829.28,Card,Fiber,4,1,0,98.84,0,6,0
C02848,73,Male,28,Two year,28.04,797.98,Bank Transfer,DSL,1,2,1,114.25,21,8,0
C02849,51,Female,21,Month-to-month,70.74,1316.33,Electronic,DSL,2,0,0,122.86,28,6,0
C02850,67,Male,27,Two year,126.33,3557.41,Electronic,None,0,0,1,208.08,26,8,0
C02851,66,Male,15,Month-to-month,64.06,858.04,Electronic,Fiber,0,1,2,161.82,16,7,1
C02852,70,Female,29,Month-to-month,124.94,3140.76,Electronic,DSL,1,2,0,54.9,35,7,1
C02853,44,Female,9,One year,141.73,1165.22,Card,DSL,1,0,0,48.08,7,7,1
C02854,29,Female,7,Month-to-month,92.45,568.94,Bank Transfer,None,0,0,1,115.33,26,10,1
C02855,70,Male,53,Two year,76.09,3966.54,Electronic,Fiber,2,0,0,136.94,20,7,0
C02856,47,Male,6,One year,93.4,635.05,Bank Transfer,Fiber,1,1,2,184.58,16,5,1
C02857,36,Male,41,Two year,76.2,3274.39,Cash,None,3,1,1,225.14,12,8,1
C02858,43,Female,57,Month-to-month,106.46,6422.11,Electronic,Fiber,1,0,1,228.13,13,8,0
C02859,63,Female,53,Month-to-month,113.57,6567.63,Card,DSL,0,2,1,105.67,18,7,0
C02860,38,Female,33,One year,99.29,3020.23,Electronic,Fiber,2,1,1,181.4,14,7,1
C02861,66,Female,14,Month-to-month,168.6,2411.72,Card,None,7,0,1,153.41,29,5,1
C02862,31,Male,68,Month-to-month,84.82,6136.27,Bank Transfer,DSL,4,0,3,70.01,10,7,0
C02863,36,Male,61,One year,158.7,9111.65,Bank Transfer,Fiber,3,1,0,26.17,42,5,1
C02864,26,Female,45,Two year,73.56,3198.4,Electronic,DSL,1,1,2,137.93,9,7,0
C02865,68,Male,7,One year,112.55,835.42,Bank Transfer,Fiber,2,0,1,47.77,32,6,1
C02866,68,Female,3,Month-to-month,151.41,496.26,Card,Fiber,0,0,1,83.17,32,9,1
C02867,30,Female,23,Month-to-month,149.6,3297.92,Bank Transfer,DSL,1,2,0,92.33,20,10,1
C02868,48,Male,12,One year,95.29,1186.61,Bank Transfer,Fiber,2,0,2,142.03,19,5,1
C02869,63,Female,62,Month-to-month,129.43,8420.05,Bank Transfer,Fiber,2,0,1,200.43,7,7,0
C02870,52,Female,15,Month-to-month,124.74,2111.86,Electronic,DSL,3,0,0,130.7,10,6,1
C02871,55,Male,21,Month-to-month,91.1,2078.13,Electronic,Fiber,3,1,2,100.36,21,8,1
C02872,33,Male,71,Month-to-month,131.56,8484.64,Bank Transfer,None,1,0,0,16.23,17,7,0
C02873,19,Female,59,Month-to-month,175.19,10725.66,Electronic,DSL,2,0,0,155.21,36,6,1
C02874,72,Female,16,Month-to-month,126.51,2302.11,Card,None,4,1,0,131.57,11,7,1
C02875,70,Male,28,One year,129.82,3502.28,Card,DSL,3,1,1,99.77,12,7,0
C02876,72,Male,38,Month-to-month,133.53,5477.78,Bank Transfer,None,5,1,1,194.14,0,10,1
C02877,20,Male,48,One year,58.87,2858.8,Bank Transfer,Fiber,1,2,1,64.51,28,6,1
C02878,56,Female,68,Month-to-month,126.11,8415.34,Electronic,DSL,1,1,1,92.33,26,7,1
C02879,32,Male,63,Two year,74.41,4786.87,Card,None,2,1,0,116.52,33,8,0
C02880,36,Female,71,Month-to-month,89.35,6201.63,Bank Transfer,DSL,2,0,0,99.08,34,8,0
C02881,41,Male,3,Month-to-month,185.67,526.6,Electronic,None,2,1,0,160.29,30,6,0
C02882,31,Female,18,Month-to-month,101.14,1963.05,Card,None,1,0,2,155.52,30,9,1
C02883,52,Male,41,Month-to-month,84.09,3481.66,Card,Fiber,2,0,1,187.8,27,3,0
C02884,52,Male,4,Month-to-month,150.34,679.82,Electronic,DSL,4,0,3,157.63,29,5,1
C02885,71,Female,26,Two year,76.83,1703.21,Electronic,Fiber,1,2,0,123.65,0,8,0
C02886,66,Female,12,Two year,94.34,1223.56,Electronic,None,1,0,1,111.31,2,5,1
C02887,58,Female,68,Month-to-month,153.72,9378.22,Bank Transfer,None,0,0,3,155.04,0,5,1
C02888,74,Other,5,Month-to-month,111.5,601.17,Electronic,DSL,1,0,2,119.53,37,6,1
C02889,42,Male,11,One year,55.34,676.4,Electronic,Fiber,1,0,1,132.6,6,6,1
C02890,21,Female,15,One year,129.04,2100.54,Card,Fiber,2,1,2,158.03,9,8,1
C02891,68,Female,11,Month-to-month,96.12,1087.13,Electronic,Fiber,0,0,0,137.62,18,9,1
C02892,37,Female,41,One year,163.89,5959.1,Electronic,DSL,3,2,0,146.97,0,7,1
C02893,43,Male,27,Month-to-month,88.78,2728.24,Electronic,None,2,1,2,86.5,24,9,1
C02894,40,Female,66,One year,146.79,9183.62,Electronic,Fiber,4,2,3,204.23,0,5,1
C02895,70,Other,19,Month-to-month,172.15,2807.91,Electronic,DSL,2,0,2,69.13,0,7,1
C02896,39,Male,39,Month-to-month,80.22,2660.96,Card,DSL,5,0,3,154.16,21,9,0
C02897,57,Male,48,Month-to-month,103.24,5310.14,Electronic,DSL,0,1,1,103.28,0,9,0
C02898,56,Male,46,One year,123.6,6253.72,Electronic,Fiber,1,1,0,189.53,37,10,0
C02899,50,Male,58,Month-to-month,79.99,5061.38,Electronic,Fiber,2,0,0,178.61,19,6,0
C02900,49,Female,15,One year,119.46,1823.64,Electronic,Fiber,0,0,2,129.89,35,9,1
C02901,22,Male,37,One year,102.13,3928.23,Electronic,Fiber,1,0,0,215.51,23,6,1
C02902,69,Male,58,One year,101.42,6600.43,Electronic,Fiber,2,0,1,119.69,18,8,0
C02903,37,Female,63,Month-to-month,111.71,7383.39,Electronic,DSL,1,2,0,178.49,3,9,0
C02904,30,Male,45,Month-to-month,112.49,4836.25,Card,DSL,2,1,0,90.06,32,6,1
C02905,30,Female,47,Month-to-month,115.74,6174.58,Cash,Fiber,2,1,1,152.27,25,4,1
C02906,41,Female,63,One year,89.04,6393.11,Electronic,DSL,0,1,1,78.71,49,10,0
C02907,54,Female,45,Two year,90.57,4231.98,Bank Transfer,DSL,1,0,0,131.07,30,8,0
C02908,49,Male,69,Month-to-month,105.85,7448.44,Electronic,Fiber,0,1,2,127.17,12,7,1
C02909,66,Female,10,Two year,108.43,1226.44,Electronic,Fiber,1,0,3,178.32,22,7,1
C02910,65,Male,26,Month-to-month,94.64,2665.92,Electronic,Fiber,3,0,0,93.11,24,3,1
C02911,37,Male,9,Month-to-month,121.34,967.13,Electronic,Fiber,2,1,0,299.03,35,7,1
C02912,65,Male,7,Month-to-month,46.48,370.11,Card,DSL,1,1,2,53.99,38,6,1
C02913,57,Female,34,One year,84.43,3063.97,Electronic,Fiber,3,1,0,142.81,16,7,0
C02914,67,Male,17,Month-to-month,100.2,1825.59,Bank Transfer,Fiber,0,1,0,145.83,0,7,1
C02915,18,Male,30,Month-to-month,80.04,2329.72,Card,Fiber,2,1,2,159.6,0,1,1
C02916,48,Female,32,One year,167.02,4556.54,Bank Transfer,Fiber,1,2,1,101.65,1,8,1
C02917,54,Female,45,Month-to-month,110.66,4638.69,Electronic,DSL,2,0,2,143.3,9,7,0
C02918,32,Female,69,Month-to-month,116.19,7610.71,Electronic,DSL,2,0,3,98.96,41,8,0
C02919,56,Male,62,Month-to-month,93.09,5695.01,Bank Transfer,DSL,5,1,0,233.02,41,7,0
C02920,60,Female,28,Month-to-month,109.45,3249.63,Card,DSL,3,1,1,95.07,32,7,1
C02921,26,Male,24,Month-to-month,67.47,1595.19,Card,Fiber,3,1,0,121.86,36,7,1
C02922,73,Male,56,Month-to-month,104.06,5603.62,Electronic,Fiber,3,0,1,93.52,7,7,0
C02923,72,Male,9,One year,77.2,642.34,Card,DSL,1,0,1,85.99,0,8,1
C02924,34,Male,39,Month-to-month,100.29,4226.4,Card,DSL,0,1,0,52.94,3,8,0
C02925,29,Male,31,One year,25.0,841.84,Electronic,DSL,1,0,1,166.96,0,10,0
C02926,29,Female,14,Month-to-month,70.52,946.76,Bank Transfer,DSL,2,0,2,92.99,1,6,1
C02927,20,Male,45,Month-to-month,161.24,6640.9,Bank Transfer,DSL,2,2,2,86.16,10,6,1
C02928,19,Male,24,Month-to-month,139.06,3057.23,Electronic,DSL,2,0,1,77.03,21,10,1
C02929,36,Male,14,Month-to-month,156.17,2293.12,Electronic,DSL,1,0,0,146.74,20,7,0
C02930,56,Male,48,Month-to-month,158.57,8233.78,Bank Transfer,None,2,0,1,131.19,8,9,0
C02931,57,Female,13,Month-to-month,133.55,1884.65,Card,Fiber,1,1,2,131.44,27,7,1
C02932,49,Male,49,Two year,94.15,5126.33,Cash,Fiber,0,2,1,88.13,8,7,1
C02933,55,Female,12,Two year,73.7,951.87,Card,DSL,1,0,0,153.94,18,9,0
C02934,25,Male,32,Month-to-month,150.14,4784.08,Electronic,Fiber,3,1,0,93.57,1,8,1
C02935,75,Male,59,One year,112.26,6161.08,Electronic,Fiber,4,0,0,133.86,34,4,0
C02936,29,Male,17,One year,197.29,3226.95,Card,DSL,1,1,0,122.31,18,7,1
C02937,39,Male,56,One year,97.22,5091.17,Card,DSL,7,0,3,37.13,28,5,1
C02938,56,Female,52,Month-to-month,179.05,8191.97,Cash,DSL,5,0,1,241.58,0,9,0
C02939,25,Male,65,Month-to-month,104.51,6067.57,Bank Transfer,Fiber,5,0,2,161.61,21,10,0
C02940,43,Other,13,Month-to-month,156.76,1739.98,Cash,Fiber,3,1,2,139.91,27,10,1
C02941,72,Female,52,Month-to-month,169.38,8006.64,Bank Transfer,DSL,3,1,2,148.59,0,8,1
C02942,31,Male,68,Month-to-month,74.2,5552.76,Card,Fiber,3,0,0,242.88,36,6,0
C02943,53,Other,55,Two year,93.03,5173.37,Card,Fiber,2,0,1,192.53,0,8,1
C02944,53,Male,14,Two year,73.85,999.55,Card,DSL,1,1,0,149.18,21,5,0
C02945,22,Female,60,Month-to-month,66.95,3700.63,Card,None,0,2,1,91.04,45,10,0
C02946,21,Male,8,Month-to-month,133.35,1095.54,Bank Transfer,Fiber,2,0,4,99.72,32,9,1
C02947,26,Female,43,Month-to-month,103.12,5063.79,Electronic,Fiber,3,1,1,30.82,0,8,0
C02948,18,Male,36,Month-to-month,111.83,3842.36,Cash,Fiber,2,1,0,109.74,15,9,0
C02949,48,Female,39,One year,129.47,5575.67,Card,Fiber,4,1,1,166.4,37,6,1
C02950,33,Male,38,Month-to-month,44.99,1934.93,Electronic,DSL,0,3,0,164.85,6,5,1
C02951,52,Female,3,Two year,155.04,505.15,Electronic,Fiber,2,0,2,163.89,13,3,1
C02952,34,Female,37,Two year,97.78,3717.17,Electronic,Fiber,1,1,0,101.65,12,7,0
C02953,38,Male,68,One year,128.63,8227.63,Card,None,1,1,0,160.31,27,7,0
C02954,24,Other,32,One year,131.72,3625.14,Electronic,Fiber,1,2,0,175.33,0,8,0
C02955,64,Female,20,Month-to-month,157.98,3383.81,Electronic,DSL,4,0,0,10.0,27,7,1
C02956,24,Female,72,Month-to-month,106.33,8702.99,Electronic,None,2,1,1,146.74,9,8,0
C02957,70,Male,8,Month-to-month,35.67,301.58,Electronic,DSL,1,1,0,244.46,18,8,0
C02958,27,Female,36,One year,112.0,3471.0,Cash,Fiber,2,0,0,113.97,15,4,0
C02959,75,Female,37,Month-to-month,117.02,3861.56,Card,Fiber,3,0,1,10.0,27,9,0
C02960,60,Male,35,One year,73.8,2500.08,Electronic,None,5,3,0,85.3,18,6,0
C02961,65,Female,67,Month-to-month,115.16,8848.45,Cash,None,1,2,0,30.2,40,8,0
C02962,64,Other,31,Month-to-month,97.36,2642.42,Electronic,Fiber,2,1,1,95.11,33,9,1
C02963,43,Female,71,Month-to-month,63.0,4228.86,Cash,DSL,3,0,0,62.68,6,9,0
C02964,28,Female,5,Two year,133.5,677.9,Cash,Fiber,4,1,2,181.2,38,7,1
C02965,57,Female,53,Month-to-month,90.27,4227.34,Card,Fiber,1,2,2,172.82,23,7,0
C02966,56,Male,43,Month-to-month,95.78,3645.94,Card,None,0,0,0,148.86,21,9,1
C02967,64,Female,18,Month-to-month,93.81,1470.09,Bank Transfer,Fiber,2,1,0,197.44,31,4,1
C02968,31,Female,17,One year,153.24,2607.28,Electronic,Fiber,0,1,0,98.9,2,5,1
C02969,65,Male,52,Two year,108.57,5283.97,Electronic,DSL,0,0,0,134.05,0,6,0
C02970,69,Male,46,Month-to-month,112.77,4470.72,Electronic,None,1,1,0,250.69,18,5,0
C02971,60,Male,45,Two year,94.58,4258.33,Electronic,DSL,8,0,2,162.19,9,7,0
C02972,33,Female,4,Month-to-month,126.2,539.7,Electronic,DSL,1,0,1,162.05,49,6,1
C02973,32,Female,44,One year,157.23,7268.36,Bank Transfer,DSL,3,0,1,87.79,7,7,1
C02974,25,Female,71,Month-to-month,132.68,9940.78,Electronic,DSL,4,1,0,107.09,19,7,0
C02975,66,Male,2,Month-to-month,134.04,272.15,Electronic,None,2,0,0,74.84,21,9,1
C02976,43,Male,34,One year,131.22,4837.83,Electronic,DSL,3,0,2,222.45,36,8,0
C02977,35,Male,36,Month-to-month,61.69,1929.32,Electronic,DSL,4,0,0,44.3,3,7,1
C02978,26,Female,65,Month-to-month,79.34,4678.35,Bank Transfer,None,1,0,0,180.28,0,6,0
C02979,46,Female,21,One year,102.83,2291.03,Bank Transfer,Fiber,2,1,0,161.96,39,7,0
C02980,29,Female,35,Two year,84.59,2814.92,Card,Fiber,2,1,1,41.82,19,7,0
C02981,66,Male,52,Month-to-month,72.74,3486.2,Card,None,2,0,0,192.83,30,10,0
C02982,37,Female,5,One year,44.47,190.82,Bank Transfer,None,3,0,2,115.77,31,4,1
C02983,43,Female,58,One year,62.87,4049.65,Electronic,Fiber,3,2,1,57.35,33,5,0
C02984,56,Female,60,Month-to-month,101.02,6675.87,Card,DSL,1,1,1,150.05,12,5,1
C02985,58,Female,52,Two year,107.57,4856.08,Electronic,DSL,2,1,1,84.76,8,7,1
C02986,24,Female,47,Month-to-month,82.24,3638.59,Electronic,DSL,4,0,4,118.73,0,7,0
C02987,22,Female,54,One year,112.76,5567.73,Cash,Fiber,1,0,0,102.18,3,6,0
C02988,34,Male,57,Month-to-month,94.82,4929.1,Bank Transfer,Fiber,5,0,0,81.65,19,9,0
C02989,61,Female,66,Month-to-month,148.17,9069.49,Card,Fiber,1,1,0,64.64,7,8,0
C02990,67,Female,31,Month-to-month,104.34,3037.68,Electronic,Fiber,1,1,1,173.83,1,9,1
C02991,74,Female,33,Month-to-month,134.37,4709.0,Bank Transfer,Fiber,0,1,3,147.87,19,9,0
C02992,33,Male,46,Two year,117.11,6146.53,Cash,DSL,2,1,3,144.34,38,3,1
C02993,62,Female,14,Two year,60.93,736.66,Cash,Fiber,1,0,0,109.97,17,8,0
C02994,27,Male,62,Month-to-month,106.83,6271.36,Bank Transfer,Fiber,0,0,0,132.82,1,5,1
C02995,28,Female,56,Month-to-month,66.75,3925.93,Card,DSL,1,1,3,89.52,37,7,0
C02996,48,Female,46,Month-to-month,106.22,4601.46,Electronic,Fiber,4,2,4,88.57,6,7,1
C02997,23,Male,22,Month-to-month,83.92,1675.17,Electronic,None,2,0,0,224.06,40,7,1
C02998,19,Female,26,Month-to-month,123.37,2887.94,Electronic,Fiber,0,0,0,178.65,14,5,1
C02999,75,Female,32,Two year,63.02,2075.82,Card,DSL,1,0,0,99.12,20,9,0
C03000,64,Female,48,One year,110.51,4749.38,Cash,Fiber,1,0,2,47.71,41,5,1
